tract,subject,pos,FA
1.0,1.0,1.0,0.18998
1.0,1.0,2.0,0.24934
1.0,1.0,3.0,0.30533
1.0,1.0,4.0,0.34686
1.0,1.0,5.0,0.3852
1.0,1.0,6.0,0.41897
1.0,1.0,7.0,0.44691
1.0,1.0,8.0,0.46412
1.0,1.0,9.0,0.46677
1.0,1.0,10.0,0.46819
1.0,1.0,11.0,0.46542
1.0,1.0,12.0,0.45707
1.0,1.0,13.0,0.44278
1.0,1.0,14.0,0.43041
1.0,1.0,15.0,0.42748
1.0,1.0,16.0,0.42908
1.0,1.0,17.0,0.43428
1.0,1.0,18.0,0.44358
1.0,1.0,19.0,0.45269
1.0,1.0,20.0,0.4602
1.0,1.0,21.0,0.46392
1.0,1.0,22.0,0.46104
1.0,1.0,23.0,0.45578
1.0,1.0,24.0,0.4502
1.0,1.0,25.0,0.44204
1.0,1.0,26.0,0.42743
1.0,1.0,27.0,0.41369
1.0,1.0,28.0,0.40048
1.0,1.0,29.0,0.3889
1.0,1.0,30.0,0.38332
1.0,1.0,31.0,0.3817
1.0,1.0,32.0,0.38432
1.0,1.0,33.0,0.39094
1.0,1.0,34.0,0.40272
1.0,1.0,35.0,0.41327
1.0,1.0,36.0,0.4205
1.0,1.0,37.0,0.42484
1.0,1.0,38.0,0.42392
1.0,1.0,39.0,0.41802
1.0,1.0,40.0,0.41297
1.0,1.0,41.0,0.40694
1.0,1.0,42.0,0.4007
1.0,1.0,43.0,0.39717
1.0,1.0,44.0,0.39576
1.0,1.0,45.0,0.3945
1.0,1.0,46.0,0.3983
1.0,1.0,47.0,0.40667
1.0,1.0,48.0,0.41854
1.0,1.0,49.0,0.43268
1.0,1.0,50.0,0.44999
1.0,1.0,51.0,0.46859
1.0,1.0,52.0,0.48292
1.0,1.0,53.0,0.49183
1.0,1.0,54.0,0.49783
1.0,1.0,55.0,0.5014
1.0,1.0,56.0,0.50425
1.0,1.0,57.0,0.51057
1.0,1.0,58.0,0.51994
1.0,1.0,59.0,0.53055
1.0,1.0,60.0,0.53752
1.0,1.0,61.0,0.54138
1.0,1.0,62.0,0.54426
1.0,1.0,63.0,0.54876
1.0,1.0,64.0,0.55066
1.0,1.0,65.0,0.55629
1.0,1.0,66.0,0.56608
1.0,1.0,67.0,0.57839
1.0,1.0,68.0,0.59035
1.0,1.0,69.0,0.6013
1.0,1.0,70.0,0.61007
1.0,1.0,71.0,0.6118
1.0,1.0,72.0,0.60096
1.0,1.0,73.0,0.58506
1.0,1.0,74.0,0.56831
1.0,1.0,75.0,0.55466
1.0,1.0,76.0,0.54319
1.0,1.0,77.0,0.52894
1.0,1.0,78.0,0.51252
1.0,1.0,79.0,0.49913
1.0,1.0,80.0,0.48422
1.0,1.0,81.0,0.465
1.0,1.0,82.0,0.44803
1.0,1.0,83.0,0.43976
1.0,1.0,84.0,0.4436
1.0,1.0,85.0,0.45208
1.0,1.0,86.0,0.45453
1.0,1.0,87.0,0.44431
1.0,1.0,88.0,0.43139
1.0,1.0,89.0,0.41987
1.0,1.0,90.0,0.40987
1.0,1.0,91.0,0.39951
1.0,1.0,92.0,0.38961
1.0,1.0,93.0,0.3799
1.0,1.0,94.0,0.36873
1.0,1.0,95.0,0.3582
1.0,1.0,96.0,0.34191
1.0,1.0,97.0,0.32467
1.0,1.0,98.0,0.29425
1.0,1.0,99.0,0.24071
1.0,1.0,100.0,0.18437
2.0,1.0,1.0,0.17424
2.0,1.0,2.0,0.24428
2.0,1.0,3.0,0.31924
2.0,1.0,4.0,0.38392
2.0,1.0,5.0,0.41566
2.0,1.0,6.0,0.41372
2.0,1.0,7.0,0.40497
2.0,1.0,8.0,0.40044
2.0,1.0,9.0,0.38625
2.0,1.0,10.0,0.37669
2.0,1.0,11.0,0.3784
2.0,1.0,12.0,0.38777
2.0,1.0,13.0,0.3955
2.0,1.0,14.0,0.39945
2.0,1.0,15.0,0.40771
2.0,1.0,16.0,0.41691
2.0,1.0,17.0,0.42415
2.0,1.0,18.0,0.42752
2.0,1.0,19.0,0.42488
2.0,1.0,20.0,0.42024
2.0,1.0,21.0,0.41398
2.0,1.0,22.0,0.40375
2.0,1.0,23.0,0.39362
2.0,1.0,24.0,0.38364
2.0,1.0,25.0,0.3747
2.0,1.0,26.0,0.36542
2.0,1.0,27.0,0.35624
2.0,1.0,28.0,0.35031
2.0,1.0,29.0,0.3441
2.0,1.0,30.0,0.34283
2.0,1.0,31.0,0.34804
2.0,1.0,32.0,0.35495
2.0,1.0,33.0,0.36214
2.0,1.0,34.0,0.36698
2.0,1.0,35.0,0.37301
2.0,1.0,36.0,0.37776
2.0,1.0,37.0,0.37941
2.0,1.0,38.0,0.37756
2.0,1.0,39.0,0.37264
2.0,1.0,40.0,0.36672
2.0,1.0,41.0,0.36034
2.0,1.0,42.0,0.35867
2.0,1.0,43.0,0.36196
2.0,1.0,44.0,0.36563
2.0,1.0,45.0,0.36754
2.0,1.0,46.0,0.37233
2.0,1.0,47.0,0.37979
2.0,1.0,48.0,0.39068
2.0,1.0,49.0,0.4041
2.0,1.0,50.0,0.41886
2.0,1.0,51.0,0.43366
2.0,1.0,52.0,0.44677
2.0,1.0,53.0,0.4603
2.0,1.0,54.0,0.4719
2.0,1.0,55.0,0.47846
2.0,1.0,56.0,0.48108
2.0,1.0,57.0,0.48247
2.0,1.0,58.0,0.48684
2.0,1.0,59.0,0.49195
2.0,1.0,60.0,0.49763
2.0,1.0,61.0,0.5035
2.0,1.0,62.0,0.50811
2.0,1.0,63.0,0.51277
2.0,1.0,64.0,0.51525
2.0,1.0,65.0,0.51611
2.0,1.0,66.0,0.50995
2.0,1.0,67.0,0.4973
2.0,1.0,68.0,0.48938
2.0,1.0,69.0,0.48471
2.0,1.0,70.0,0.48974
2.0,1.0,71.0,0.50382
2.0,1.0,72.0,0.51833
2.0,1.0,73.0,0.52788
2.0,1.0,74.0,0.53035
2.0,1.0,75.0,0.53352
2.0,1.0,76.0,0.53252
2.0,1.0,77.0,0.5272
2.0,1.0,78.0,0.52264
2.0,1.0,79.0,0.51721
2.0,1.0,80.0,0.50881
2.0,1.0,81.0,0.49802
2.0,1.0,82.0,0.48908
2.0,1.0,83.0,0.47576
2.0,1.0,84.0,0.463
2.0,1.0,85.0,0.45441
2.0,1.0,86.0,0.44964
2.0,1.0,87.0,0.44429
2.0,1.0,88.0,0.43992
2.0,1.0,89.0,0.4362
2.0,1.0,90.0,0.43226
2.0,1.0,91.0,0.42488
2.0,1.0,92.0,0.42056
2.0,1.0,93.0,0.41038
2.0,1.0,94.0,0.39408
2.0,1.0,95.0,0.3719
2.0,1.0,96.0,0.34781
2.0,1.0,97.0,0.32479
2.0,1.0,98.0,0.29523
2.0,1.0,99.0,0.25656
2.0,1.0,100.0,0.21926
3.0,1.0,1.0,0.33871
3.0,1.0,2.0,0.35385
3.0,1.0,3.0,0.36274
3.0,1.0,4.0,0.37008
3.0,1.0,5.0,0.38235
3.0,1.0,6.0,0.39778
3.0,1.0,7.0,0.41633
3.0,1.0,8.0,0.43614
3.0,1.0,9.0,0.45751
3.0,1.0,10.0,0.47784
3.0,1.0,11.0,0.49006
3.0,1.0,12.0,0.48932
3.0,1.0,13.0,0.48092
3.0,1.0,14.0,0.47434
3.0,1.0,15.0,0.47605
3.0,1.0,16.0,0.48807
3.0,1.0,17.0,0.50699
3.0,1.0,18.0,0.53323
3.0,1.0,19.0,0.55663
3.0,1.0,20.0,0.56787
3.0,1.0,21.0,0.57144
3.0,1.0,22.0,0.57938
3.0,1.0,23.0,0.58961
3.0,1.0,24.0,0.5978
3.0,1.0,25.0,0.60393
3.0,1.0,26.0,0.61232
3.0,1.0,27.0,0.62175
3.0,1.0,28.0,0.63344
3.0,1.0,29.0,0.64489
3.0,1.0,30.0,0.65578
3.0,1.0,31.0,0.66654
3.0,1.0,32.0,0.67765
3.0,1.0,33.0,0.68495
3.0,1.0,34.0,0.68929
3.0,1.0,35.0,0.6894
3.0,1.0,36.0,0.68848
3.0,1.0,37.0,0.68876
3.0,1.0,38.0,0.68973
3.0,1.0,39.0,0.69061
3.0,1.0,40.0,0.69259
3.0,1.0,41.0,0.69546
3.0,1.0,42.0,0.69507
3.0,1.0,43.0,0.68821
3.0,1.0,44.0,0.67372
3.0,1.0,45.0,0.65508
3.0,1.0,46.0,0.63433
3.0,1.0,47.0,0.61599
3.0,1.0,48.0,0.60021
3.0,1.0,49.0,0.58497
3.0,1.0,50.0,0.56751
3.0,1.0,51.0,0.54694
3.0,1.0,52.0,0.52475
3.0,1.0,53.0,0.50231
3.0,1.0,54.0,0.47977
3.0,1.0,55.0,0.45824
3.0,1.0,56.0,0.43817
3.0,1.0,57.0,0.42175
3.0,1.0,58.0,0.41099
3.0,1.0,59.0,0.40492
3.0,1.0,60.0,0.40152
3.0,1.0,61.0,0.39958
3.0,1.0,62.0,0.3986
3.0,1.0,63.0,0.39623
3.0,1.0,64.0,0.39454
3.0,1.0,65.0,0.3951
3.0,1.0,66.0,0.3999
3.0,1.0,67.0,0.40673
3.0,1.0,68.0,0.4144
3.0,1.0,69.0,0.42405
3.0,1.0,70.0,0.4354
3.0,1.0,71.0,0.44787
3.0,1.0,72.0,0.46
3.0,1.0,73.0,0.47031
3.0,1.0,74.0,0.4795
3.0,1.0,75.0,0.48955
3.0,1.0,76.0,0.49959
3.0,1.0,77.0,0.50716
3.0,1.0,78.0,0.5123
3.0,1.0,79.0,0.51571
3.0,1.0,80.0,0.52024
3.0,1.0,81.0,0.52701
3.0,1.0,82.0,0.53455
3.0,1.0,83.0,0.54118
3.0,1.0,84.0,0.54632
3.0,1.0,85.0,0.54831
3.0,1.0,86.0,0.54697
3.0,1.0,87.0,0.54024
3.0,1.0,88.0,0.52801
3.0,1.0,89.0,0.51321
3.0,1.0,90.0,0.49969
3.0,1.0,91.0,0.48885
3.0,1.0,92.0,0.48168
3.0,1.0,93.0,0.47328
3.0,1.0,94.0,0.45864
3.0,1.0,95.0,0.43509
3.0,1.0,96.0,0.39754
3.0,1.0,97.0,0.34586
3.0,1.0,98.0,0.29789
3.0,1.0,99.0,0.24779
3.0,1.0,100.0,0.14507
4.0,1.0,1.0,0.19535
4.0,1.0,2.0,0.24158
4.0,1.0,3.0,0.28706
4.0,1.0,4.0,0.31353
4.0,1.0,5.0,0.33537
4.0,1.0,6.0,0.36474
4.0,1.0,7.0,0.39848
4.0,1.0,8.0,0.42819
4.0,1.0,9.0,0.44806
4.0,1.0,10.0,0.4605
4.0,1.0,11.0,0.45937
4.0,1.0,12.0,0.44505
4.0,1.0,13.0,0.42583
4.0,1.0,14.0,0.40585
4.0,1.0,15.0,0.3919
4.0,1.0,16.0,0.38841
4.0,1.0,17.0,0.39175
4.0,1.0,18.0,0.40891
4.0,1.0,19.0,0.43572
4.0,1.0,20.0,0.45754
4.0,1.0,21.0,0.47377
4.0,1.0,22.0,0.48671
4.0,1.0,23.0,0.50078
4.0,1.0,24.0,0.51653
4.0,1.0,25.0,0.5333
4.0,1.0,26.0,0.54422
4.0,1.0,27.0,0.54868
4.0,1.0,28.0,0.55311
4.0,1.0,29.0,0.55945
4.0,1.0,30.0,0.56808
4.0,1.0,31.0,0.57699
4.0,1.0,32.0,0.58512
4.0,1.0,33.0,0.59219
4.0,1.0,34.0,0.60011
4.0,1.0,35.0,0.60299
4.0,1.0,36.0,0.59976
4.0,1.0,37.0,0.59512
4.0,1.0,38.0,0.5933
4.0,1.0,39.0,0.59172
4.0,1.0,40.0,0.58847
4.0,1.0,41.0,0.58306
4.0,1.0,42.0,0.57246
4.0,1.0,43.0,0.55984
4.0,1.0,44.0,0.544
4.0,1.0,45.0,0.52553
4.0,1.0,46.0,0.51122
4.0,1.0,47.0,0.50113
4.0,1.0,48.0,0.48962
4.0,1.0,49.0,0.47775
4.0,1.0,50.0,0.46756
4.0,1.0,51.0,0.46156
4.0,1.0,52.0,0.45571
4.0,1.0,53.0,0.44822
4.0,1.0,54.0,0.43765
4.0,1.0,55.0,0.4247
4.0,1.0,56.0,0.41358
4.0,1.0,57.0,0.4056
4.0,1.0,58.0,0.39972
4.0,1.0,59.0,0.39443
4.0,1.0,60.0,0.39216
4.0,1.0,61.0,0.3924
4.0,1.0,62.0,0.39582
4.0,1.0,63.0,0.40143
4.0,1.0,64.0,0.40939
4.0,1.0,65.0,0.41958
4.0,1.0,66.0,0.43213
4.0,1.0,67.0,0.44578
4.0,1.0,68.0,0.46151
4.0,1.0,69.0,0.47651
4.0,1.0,70.0,0.48956
4.0,1.0,71.0,0.50049
4.0,1.0,72.0,0.5082
4.0,1.0,73.0,0.51569
4.0,1.0,74.0,0.52289
4.0,1.0,75.0,0.53209
4.0,1.0,76.0,0.54365
4.0,1.0,77.0,0.55619
4.0,1.0,78.0,0.5696
4.0,1.0,79.0,0.58401
4.0,1.0,80.0,0.59707
4.0,1.0,81.0,0.60565
4.0,1.0,82.0,0.60897
4.0,1.0,83.0,0.60361
4.0,1.0,84.0,0.59148
4.0,1.0,85.0,0.57546
4.0,1.0,86.0,0.56
4.0,1.0,87.0,0.54274
4.0,1.0,88.0,0.52438
4.0,1.0,89.0,0.50136
4.0,1.0,90.0,0.47357
4.0,1.0,91.0,0.44662
4.0,1.0,92.0,0.42439
4.0,1.0,93.0,0.41643
4.0,1.0,94.0,0.41397
4.0,1.0,95.0,0.40856
4.0,1.0,96.0,0.38795
4.0,1.0,97.0,0.34504
4.0,1.0,98.0,0.29882
4.0,1.0,99.0,0.24638
4.0,1.0,100.0,0.15375
5.0,1.0,1.0,0.17933
5.0,1.0,2.0,0.24749
5.0,1.0,3.0,0.3073
5.0,1.0,4.0,0.35508
5.0,1.0,5.0,0.38736
5.0,1.0,6.0,0.40969
5.0,1.0,7.0,0.4219
5.0,1.0,8.0,0.42958
5.0,1.0,9.0,0.43628
5.0,1.0,10.0,0.44206
5.0,1.0,11.0,0.45075
5.0,1.0,12.0,0.46463
5.0,1.0,13.0,0.47778
5.0,1.0,14.0,0.49407
5.0,1.0,15.0,0.51186
5.0,1.0,16.0,0.52212
5.0,1.0,17.0,0.52553
5.0,1.0,18.0,0.52126
5.0,1.0,19.0,0.51477
5.0,1.0,20.0,0.51249
5.0,1.0,21.0,0.51711
5.0,1.0,22.0,0.5244
5.0,1.0,23.0,0.53097
5.0,1.0,24.0,0.53714
5.0,1.0,25.0,0.54502
5.0,1.0,26.0,0.55259
5.0,1.0,27.0,0.55953
5.0,1.0,28.0,0.563
5.0,1.0,29.0,0.56394
5.0,1.0,30.0,0.56887
5.0,1.0,31.0,0.57373
5.0,1.0,32.0,0.57927
5.0,1.0,33.0,0.58645
5.0,1.0,34.0,0.59271
5.0,1.0,35.0,0.60021
5.0,1.0,36.0,0.60595
5.0,1.0,37.0,0.61222
5.0,1.0,38.0,0.62038
5.0,1.0,39.0,0.63681
5.0,1.0,40.0,0.65713
5.0,1.0,41.0,0.67621
5.0,1.0,42.0,0.68893
5.0,1.0,43.0,0.69642
5.0,1.0,44.0,0.70098
5.0,1.0,45.0,0.70299
5.0,1.0,46.0,0.70499
5.0,1.0,47.0,0.70605
5.0,1.0,48.0,0.7061
5.0,1.0,49.0,0.7021
5.0,1.0,50.0,0.69664
5.0,1.0,51.0,0.68894
5.0,1.0,52.0,0.68093
5.0,1.0,53.0,0.67638
5.0,1.0,54.0,0.67253
5.0,1.0,55.0,0.6683
5.0,1.0,56.0,0.6664
5.0,1.0,57.0,0.66676
5.0,1.0,58.0,0.66712
5.0,1.0,59.0,0.66616
5.0,1.0,60.0,0.66491
5.0,1.0,61.0,0.65938
5.0,1.0,62.0,0.64907
5.0,1.0,63.0,0.64152
5.0,1.0,64.0,0.6324
5.0,1.0,65.0,0.62381
5.0,1.0,66.0,0.61904
5.0,1.0,67.0,0.61315
5.0,1.0,68.0,0.60683
5.0,1.0,69.0,0.60141
5.0,1.0,70.0,0.59036
5.0,1.0,71.0,0.57307
5.0,1.0,72.0,0.55129
5.0,1.0,73.0,0.53099
5.0,1.0,74.0,0.5144
5.0,1.0,75.0,0.50072
5.0,1.0,76.0,0.49238
5.0,1.0,77.0,0.49148
5.0,1.0,78.0,0.49123
5.0,1.0,79.0,0.49321
5.0,1.0,80.0,0.49102
5.0,1.0,81.0,0.4848
5.0,1.0,82.0,0.4715
5.0,1.0,83.0,0.45057
5.0,1.0,84.0,0.43198
5.0,1.0,85.0,0.42225
5.0,1.0,86.0,0.41194
5.0,1.0,87.0,0.40247
5.0,1.0,88.0,0.39604
5.0,1.0,89.0,0.39272
5.0,1.0,90.0,0.38671
5.0,1.0,91.0,0.37698
5.0,1.0,92.0,0.36871
5.0,1.0,93.0,0.36107
5.0,1.0,94.0,0.35266
5.0,1.0,95.0,0.34349
5.0,1.0,96.0,0.33638
5.0,1.0,97.0,0.32534
5.0,1.0,98.0,0.29395
5.0,1.0,99.0,0.24075
5.0,1.0,100.0,0.17764
6.0,1.0,1.0,0.2083
6.0,1.0,2.0,0.2676
6.0,1.0,3.0,0.32502
6.0,1.0,4.0,0.36464
6.0,1.0,5.0,0.39264
6.0,1.0,6.0,0.41246
6.0,1.0,7.0,0.4301
6.0,1.0,8.0,0.44618
6.0,1.0,9.0,0.45987
6.0,1.0,10.0,0.46978
6.0,1.0,11.0,0.47362
6.0,1.0,12.0,0.47545
6.0,1.0,13.0,0.48022
6.0,1.0,14.0,0.48711
6.0,1.0,15.0,0.491
6.0,1.0,16.0,0.49674
6.0,1.0,17.0,0.5034
6.0,1.0,18.0,0.50995
6.0,1.0,19.0,0.51302
6.0,1.0,20.0,0.51441
6.0,1.0,21.0,0.51022
6.0,1.0,22.0,0.50451
6.0,1.0,23.0,0.49871
6.0,1.0,24.0,0.49506
6.0,1.0,25.0,0.48986
6.0,1.0,26.0,0.48229
6.0,1.0,27.0,0.48288
6.0,1.0,28.0,0.48738
6.0,1.0,29.0,0.48693
6.0,1.0,30.0,0.48929
6.0,1.0,31.0,0.49301
6.0,1.0,32.0,0.49941
6.0,1.0,33.0,0.50958
6.0,1.0,34.0,0.51957
6.0,1.0,35.0,0.52987
6.0,1.0,36.0,0.54304
6.0,1.0,37.0,0.55631
6.0,1.0,38.0,0.56675
6.0,1.0,39.0,0.57374
6.0,1.0,40.0,0.57933
6.0,1.0,41.0,0.58496
6.0,1.0,42.0,0.58762
6.0,1.0,43.0,0.58908
6.0,1.0,44.0,0.58912
6.0,1.0,45.0,0.58887
6.0,1.0,46.0,0.58808
6.0,1.0,47.0,0.58742
6.0,1.0,48.0,0.5862
6.0,1.0,49.0,0.58405
6.0,1.0,50.0,0.57865
6.0,1.0,51.0,0.57269
6.0,1.0,52.0,0.56632
6.0,1.0,53.0,0.55844
6.0,1.0,54.0,0.55059
6.0,1.0,55.0,0.542
6.0,1.0,56.0,0.5292
6.0,1.0,57.0,0.51849
6.0,1.0,58.0,0.50881
6.0,1.0,59.0,0.49903
6.0,1.0,60.0,0.48977
6.0,1.0,61.0,0.48175
6.0,1.0,62.0,0.47524
6.0,1.0,63.0,0.46711
6.0,1.0,64.0,0.46051
6.0,1.0,65.0,0.45432
6.0,1.0,66.0,0.44608
6.0,1.0,67.0,0.43637
6.0,1.0,68.0,0.42596
6.0,1.0,69.0,0.41791
6.0,1.0,70.0,0.40908
6.0,1.0,71.0,0.39632
6.0,1.0,72.0,0.38576
6.0,1.0,73.0,0.38383
6.0,1.0,74.0,0.38743
6.0,1.0,75.0,0.39456
6.0,1.0,76.0,0.39977
6.0,1.0,77.0,0.4056
6.0,1.0,78.0,0.41285
6.0,1.0,79.0,0.4156
6.0,1.0,80.0,0.41558
6.0,1.0,81.0,0.41784
6.0,1.0,82.0,0.42232
6.0,1.0,83.0,0.42349
6.0,1.0,84.0,0.41866
6.0,1.0,85.0,0.41279
6.0,1.0,86.0,0.41141
6.0,1.0,87.0,0.41338
6.0,1.0,88.0,0.41527
6.0,1.0,89.0,0.41542
6.0,1.0,90.0,0.41152
6.0,1.0,91.0,0.40496
6.0,1.0,92.0,0.39454
6.0,1.0,93.0,0.38196
6.0,1.0,94.0,0.36715
6.0,1.0,95.0,0.35107
6.0,1.0,96.0,0.34408
6.0,1.0,97.0,0.33479
6.0,1.0,98.0,0.30497
6.0,1.0,99.0,0.25484
6.0,1.0,100.0,0.20435
7.0,1.0,1.0,0.20642
7.0,1.0,2.0,0.2392
7.0,1.0,3.0,0.29689
7.0,1.0,4.0,0.35017
7.0,1.0,5.0,0.3967
7.0,1.0,6.0,0.42809
7.0,1.0,7.0,0.44247
7.0,1.0,8.0,0.45324
7.0,1.0,9.0,0.4727
7.0,1.0,10.0,0.49104
7.0,1.0,11.0,0.49988
7.0,1.0,12.0,0.50311
7.0,1.0,13.0,0.4921
7.0,1.0,14.0,0.47069
7.0,1.0,15.0,0.44378
7.0,1.0,16.0,0.42625
7.0,1.0,17.0,0.42504
7.0,1.0,18.0,0.43793
7.0,1.0,19.0,0.44965
7.0,1.0,20.0,0.44909
7.0,1.0,21.0,0.44368
7.0,1.0,22.0,0.44324
7.0,1.0,23.0,0.45416
7.0,1.0,24.0,0.46956
7.0,1.0,25.0,0.48444
7.0,1.0,26.0,0.49145
7.0,1.0,27.0,0.48331
7.0,1.0,28.0,0.47707
7.0,1.0,29.0,0.46908
7.0,1.0,30.0,0.45674
7.0,1.0,31.0,0.45308
7.0,1.0,32.0,0.45937
7.0,1.0,33.0,0.46958
7.0,1.0,34.0,0.48577
7.0,1.0,35.0,0.51099
7.0,1.0,36.0,0.54217
7.0,1.0,37.0,0.57362
7.0,1.0,38.0,0.59747
7.0,1.0,39.0,0.60953
7.0,1.0,40.0,0.60776
7.0,1.0,41.0,0.59968
7.0,1.0,42.0,0.59069
7.0,1.0,43.0,0.57939
7.0,1.0,44.0,0.57486
7.0,1.0,45.0,0.56504
7.0,1.0,46.0,0.56507
7.0,1.0,47.0,0.56182
7.0,1.0,48.0,0.55627
7.0,1.0,49.0,0.54665
7.0,1.0,50.0,0.53475
7.0,1.0,51.0,0.52069
7.0,1.0,52.0,0.50612
7.0,1.0,53.0,0.4929
7.0,1.0,54.0,0.48946
7.0,1.0,55.0,0.47843
7.0,1.0,56.0,0.47585
7.0,1.0,57.0,0.46363
7.0,1.0,58.0,0.46242
7.0,1.0,59.0,0.43944
7.0,1.0,60.0,0.43315
7.0,1.0,61.0,0.42424
7.0,1.0,62.0,0.4236
7.0,1.0,63.0,0.41702
7.0,1.0,64.0,0.41221
7.0,1.0,65.0,0.40886
7.0,1.0,66.0,0.40041
7.0,1.0,67.0,0.39149
7.0,1.0,68.0,0.37839
7.0,1.0,69.0,0.37653
7.0,1.0,70.0,0.38094
7.0,1.0,71.0,0.37883
7.0,1.0,72.0,0.36867
7.0,1.0,73.0,0.36727
7.0,1.0,74.0,0.36313
7.0,1.0,75.0,0.36818
7.0,1.0,76.0,0.36654
7.0,1.0,77.0,0.35904
7.0,1.0,78.0,0.34118
7.0,1.0,79.0,0.33481
7.0,1.0,80.0,0.34332
7.0,1.0,81.0,0.36311
7.0,1.0,82.0,0.39228
7.0,1.0,83.0,0.41549
7.0,1.0,84.0,0.43838
7.0,1.0,85.0,0.4466
7.0,1.0,86.0,0.45947
7.0,1.0,87.0,0.46307
7.0,1.0,88.0,0.45871
7.0,1.0,89.0,0.43781
7.0,1.0,90.0,0.41764
7.0,1.0,91.0,0.37444
7.0,1.0,92.0,0.34706
7.0,1.0,93.0,0.32143
7.0,1.0,94.0,0.3026
7.0,1.0,95.0,0.29071
7.0,1.0,96.0,0.25938
7.0,1.0,97.0,0.22951
7.0,1.0,98.0,0.21629
7.0,1.0,99.0,0.21292
7.0,1.0,100.0,0.18009
8.0,1.0,1.0,0.17219
8.0,1.0,2.0,0.22305
8.0,1.0,3.0,0.27988
8.0,1.0,4.0,0.33274
8.0,1.0,5.0,0.37784
8.0,1.0,6.0,0.40382
8.0,1.0,7.0,0.41927
8.0,1.0,8.0,0.42954
8.0,1.0,9.0,0.43314
8.0,1.0,10.0,0.42033
8.0,1.0,11.0,0.39021
8.0,1.0,12.0,0.35534
8.0,1.0,13.0,0.32869
8.0,1.0,14.0,0.33339
8.0,1.0,15.0,0.37706
8.0,1.0,16.0,0.44205
8.0,1.0,17.0,0.50546
8.0,1.0,18.0,0.56281
8.0,1.0,19.0,0.60893
8.0,1.0,20.0,0.6371
8.0,1.0,21.0,0.64431
8.0,1.0,22.0,0.63954
8.0,1.0,23.0,0.6326
8.0,1.0,24.0,0.61594
8.0,1.0,25.0,0.58733
8.0,1.0,26.0,0.56151
8.0,1.0,27.0,0.55023
8.0,1.0,28.0,0.52327
8.0,1.0,29.0,0.48317
8.0,1.0,30.0,0.45432
8.0,1.0,31.0,0.43775
8.0,1.0,32.0,0.43139
8.0,1.0,33.0,0.44849
8.0,1.0,34.0,0.45518
8.0,1.0,35.0,0.47201
8.0,1.0,36.0,0.51372
8.0,1.0,37.0,0.53876
8.0,1.0,38.0,0.53885
8.0,1.0,39.0,0.53606
8.0,1.0,40.0,0.5173
8.0,1.0,41.0,0.50834
8.0,1.0,42.0,0.51347
8.0,1.0,43.0,0.53074
8.0,1.0,44.0,0.53413
8.0,1.0,45.0,0.51874
8.0,1.0,46.0,0.53744
8.0,1.0,47.0,0.5399
8.0,1.0,48.0,0.53122
8.0,1.0,49.0,0.51219
8.0,1.0,50.0,0.48239
8.0,1.0,51.0,0.48878
8.0,1.0,52.0,0.48123
8.0,1.0,53.0,0.48061
8.0,1.0,54.0,0.47663
8.0,1.0,55.0,0.47254
8.0,1.0,56.0,0.47866
8.0,1.0,57.0,0.48726
8.0,1.0,58.0,0.47498
8.0,1.0,59.0,0.47646
8.0,1.0,60.0,0.47352
8.0,1.0,61.0,0.46373
8.0,1.0,62.0,0.46571
8.0,1.0,63.0,0.46812
8.0,1.0,64.0,0.46378
8.0,1.0,65.0,0.46695
8.0,1.0,66.0,0.47248
8.0,1.0,67.0,0.46531
8.0,1.0,68.0,0.45813
8.0,1.0,69.0,0.46336
8.0,1.0,70.0,0.46058
8.0,1.0,71.0,0.44374
8.0,1.0,72.0,0.43111
8.0,1.0,73.0,0.40674
8.0,1.0,74.0,0.38921
8.0,1.0,75.0,0.39761
8.0,1.0,76.0,0.4093
8.0,1.0,77.0,0.42568
8.0,1.0,78.0,0.43318
8.0,1.0,79.0,0.43721
8.0,1.0,80.0,0.43787
8.0,1.0,81.0,0.44115
8.0,1.0,82.0,0.4546
8.0,1.0,83.0,0.45672
8.0,1.0,84.0,0.46471
8.0,1.0,85.0,0.46679
8.0,1.0,86.0,0.45157
8.0,1.0,87.0,0.43744
8.0,1.0,88.0,0.41713
8.0,1.0,89.0,0.38778
8.0,1.0,90.0,0.37257
8.0,1.0,91.0,0.36141
8.0,1.0,92.0,0.33349
8.0,1.0,93.0,0.29774
8.0,1.0,94.0,0.28366
8.0,1.0,95.0,0.28276
8.0,1.0,96.0,0.28267
8.0,1.0,97.0,0.28693
8.0,1.0,98.0,0.28215
8.0,1.0,99.0,0.23246
8.0,1.0,100.0,0.16814
9.0,1.0,1.0,0.24212
9.0,1.0,2.0,0.33118
9.0,1.0,3.0,0.40477
9.0,1.0,4.0,0.46926
9.0,1.0,5.0,0.49879
9.0,1.0,6.0,0.51395
9.0,1.0,7.0,0.53268
9.0,1.0,8.0,0.52825
9.0,1.0,9.0,0.49228
9.0,1.0,10.0,0.44246
9.0,1.0,11.0,0.39848
9.0,1.0,12.0,0.3938
9.0,1.0,13.0,0.42552
9.0,1.0,14.0,0.47787
9.0,1.0,15.0,0.51378
9.0,1.0,16.0,0.5165
9.0,1.0,17.0,0.49514
9.0,1.0,18.0,0.45747
9.0,1.0,19.0,0.44131
9.0,1.0,20.0,0.49143
9.0,1.0,21.0,0.56172
9.0,1.0,22.0,0.59192
9.0,1.0,23.0,0.60346
9.0,1.0,24.0,0.60693
9.0,1.0,25.0,0.61516
9.0,1.0,26.0,0.63955
9.0,1.0,27.0,0.67194
9.0,1.0,28.0,0.71337
9.0,1.0,29.0,0.75935
9.0,1.0,30.0,0.79133
9.0,1.0,31.0,0.79608
9.0,1.0,32.0,0.78486
9.0,1.0,33.0,0.76251
9.0,1.0,34.0,0.74713
9.0,1.0,35.0,0.75086
9.0,1.0,36.0,0.75693
9.0,1.0,37.0,0.75985
9.0,1.0,38.0,0.76028
9.0,1.0,39.0,0.7606
9.0,1.0,40.0,0.76639
9.0,1.0,41.0,0.77568
9.0,1.0,42.0,0.78933
9.0,1.0,43.0,0.8209
9.0,1.0,44.0,0.84451
9.0,1.0,45.0,0.86915
9.0,1.0,46.0,0.86755
9.0,1.0,47.0,0.86128
9.0,1.0,48.0,0.84927
9.0,1.0,49.0,0.83557
9.0,1.0,50.0,0.81655
9.0,1.0,51.0,0.80274
9.0,1.0,52.0,0.80432
9.0,1.0,53.0,0.81395
9.0,1.0,54.0,0.80824
9.0,1.0,55.0,0.80759
9.0,1.0,56.0,0.806
9.0,1.0,57.0,0.80535
9.0,1.0,58.0,0.80326
9.0,1.0,59.0,0.80592
9.0,1.0,60.0,0.80506
9.0,1.0,61.0,0.80087
9.0,1.0,62.0,0.79349
9.0,1.0,63.0,0.78663
9.0,1.0,64.0,0.78317
9.0,1.0,65.0,0.78196
9.0,1.0,66.0,0.77874
9.0,1.0,67.0,0.7834
9.0,1.0,68.0,0.77882
9.0,1.0,69.0,0.77011
9.0,1.0,70.0,0.75736
9.0,1.0,71.0,0.73903
9.0,1.0,72.0,0.72553
9.0,1.0,73.0,0.70517
9.0,1.0,74.0,0.68398
9.0,1.0,75.0,0.65514
9.0,1.0,76.0,0.63695
9.0,1.0,77.0,0.62936
9.0,1.0,78.0,0.62139
9.0,1.0,79.0,0.58983
9.0,1.0,80.0,0.55775
9.0,1.0,81.0,0.54697
9.0,1.0,82.0,0.53507
9.0,1.0,83.0,0.52427
9.0,1.0,84.0,0.51342
9.0,1.0,85.0,0.49511
9.0,1.0,86.0,0.47269
9.0,1.0,87.0,0.4508
9.0,1.0,88.0,0.43362
9.0,1.0,89.0,0.42994
9.0,1.0,90.0,0.43261
9.0,1.0,91.0,0.439
9.0,1.0,92.0,0.46108
9.0,1.0,93.0,0.47081
9.0,1.0,94.0,0.48445
9.0,1.0,95.0,0.46885
9.0,1.0,96.0,0.41889
9.0,1.0,97.0,0.39954
9.0,1.0,98.0,0.38902
9.0,1.0,99.0,0.31255
9.0,1.0,100.0,0.20394
10.0,1.0,1.0,0.18075
10.0,1.0,2.0,0.24538
10.0,1.0,3.0,0.29924
10.0,1.0,4.0,0.33489
10.0,1.0,5.0,0.36022
10.0,1.0,6.0,0.38296
10.0,1.0,7.0,0.40487
10.0,1.0,8.0,0.42108
10.0,1.0,9.0,0.4398
10.0,1.0,10.0,0.46042
10.0,1.0,11.0,0.47206
10.0,1.0,12.0,0.47465
10.0,1.0,13.0,0.47289
10.0,1.0,14.0,0.46331
10.0,1.0,15.0,0.4505
10.0,1.0,16.0,0.43892
10.0,1.0,17.0,0.42936
10.0,1.0,18.0,0.42186
10.0,1.0,19.0,0.41697
10.0,1.0,20.0,0.41267
10.0,1.0,21.0,0.40927
10.0,1.0,22.0,0.40978
10.0,1.0,23.0,0.41163
10.0,1.0,24.0,0.41297
10.0,1.0,25.0,0.41845
10.0,1.0,26.0,0.43014
10.0,1.0,27.0,0.44592
10.0,1.0,28.0,0.47143
10.0,1.0,29.0,0.50082
10.0,1.0,30.0,0.52497
10.0,1.0,31.0,0.54877
10.0,1.0,32.0,0.56184
10.0,1.0,33.0,0.5719
10.0,1.0,34.0,0.58457
10.0,1.0,35.0,0.60141
10.0,1.0,36.0,0.61876
10.0,1.0,37.0,0.63884
10.0,1.0,38.0,0.66334
10.0,1.0,39.0,0.68855
10.0,1.0,40.0,0.71023
10.0,1.0,41.0,0.72912
10.0,1.0,42.0,0.74431
10.0,1.0,43.0,0.75295
10.0,1.0,44.0,0.75276
10.0,1.0,45.0,0.74741
10.0,1.0,46.0,0.74411
10.0,1.0,47.0,0.7437
10.0,1.0,48.0,0.74392
10.0,1.0,49.0,0.74065
10.0,1.0,50.0,0.73625
10.0,1.0,51.0,0.73717
10.0,1.0,52.0,0.73552
10.0,1.0,53.0,0.71921
10.0,1.0,54.0,0.70153
10.0,1.0,55.0,0.69208
10.0,1.0,56.0,0.68666
10.0,1.0,57.0,0.68178
10.0,1.0,58.0,0.66991
10.0,1.0,59.0,0.65466
10.0,1.0,60.0,0.63798
10.0,1.0,61.0,0.61483
10.0,1.0,62.0,0.58745
10.0,1.0,63.0,0.56457
10.0,1.0,64.0,0.54802
10.0,1.0,65.0,0.53723
10.0,1.0,66.0,0.52846
10.0,1.0,67.0,0.52178
10.0,1.0,68.0,0.51788
10.0,1.0,69.0,0.51509
10.0,1.0,70.0,0.50921
10.0,1.0,71.0,0.50377
10.0,1.0,72.0,0.49723
10.0,1.0,73.0,0.49277
10.0,1.0,74.0,0.48964
10.0,1.0,75.0,0.49263
10.0,1.0,76.0,0.48969
10.0,1.0,77.0,0.47905
10.0,1.0,78.0,0.46752
10.0,1.0,79.0,0.4554
10.0,1.0,80.0,0.44283
10.0,1.0,81.0,0.43325
10.0,1.0,82.0,0.42443
10.0,1.0,83.0,0.41757
10.0,1.0,84.0,0.41263
10.0,1.0,85.0,0.41303
10.0,1.0,86.0,0.41671
10.0,1.0,87.0,0.41629
10.0,1.0,88.0,0.41194
10.0,1.0,89.0,0.40551
10.0,1.0,90.0,0.39474
10.0,1.0,91.0,0.3782
10.0,1.0,92.0,0.36471
10.0,1.0,93.0,0.35154
10.0,1.0,94.0,0.35081
10.0,1.0,95.0,0.35348
10.0,1.0,96.0,0.34839
10.0,1.0,97.0,0.3405
10.0,1.0,98.0,0.31348
10.0,1.0,99.0,0.25254
10.0,1.0,100.0,0.17783
11.0,1.0,1.0,0.40536
11.0,1.0,2.0,0.44303
11.0,1.0,3.0,0.47414
11.0,1.0,4.0,0.49132
11.0,1.0,5.0,0.50142
11.0,1.0,6.0,0.5073
11.0,1.0,7.0,0.51833
11.0,1.0,8.0,0.52046
11.0,1.0,9.0,0.5208
11.0,1.0,10.0,0.53093
11.0,1.0,11.0,0.54255
11.0,1.0,12.0,0.55456
11.0,1.0,13.0,0.56947
11.0,1.0,14.0,0.58092
11.0,1.0,15.0,0.59476
11.0,1.0,16.0,0.61089
11.0,1.0,17.0,0.6279
11.0,1.0,18.0,0.64842
11.0,1.0,19.0,0.66787
11.0,1.0,20.0,0.68418
11.0,1.0,21.0,0.69682
11.0,1.0,22.0,0.70137
11.0,1.0,23.0,0.7028
11.0,1.0,24.0,0.70052
11.0,1.0,25.0,0.69567
11.0,1.0,26.0,0.68842
11.0,1.0,27.0,0.68532
11.0,1.0,28.0,0.68803
11.0,1.0,29.0,0.68578
11.0,1.0,30.0,0.6853
11.0,1.0,31.0,0.68166
11.0,1.0,32.0,0.67291
11.0,1.0,33.0,0.6637
11.0,1.0,34.0,0.65623
11.0,1.0,35.0,0.65075
11.0,1.0,36.0,0.63892
11.0,1.0,37.0,0.63023
11.0,1.0,38.0,0.62797
11.0,1.0,39.0,0.62483
11.0,1.0,40.0,0.62332
11.0,1.0,41.0,0.6198
11.0,1.0,42.0,0.61411
11.0,1.0,43.0,0.60763
11.0,1.0,44.0,0.60177
11.0,1.0,45.0,0.59504
11.0,1.0,46.0,0.57841
11.0,1.0,47.0,0.55795
11.0,1.0,48.0,0.54197
11.0,1.0,49.0,0.53195
11.0,1.0,50.0,0.52089
11.0,1.0,51.0,0.50508
11.0,1.0,52.0,0.48979
11.0,1.0,53.0,0.47487
11.0,1.0,54.0,0.47207
11.0,1.0,55.0,0.47146
11.0,1.0,56.0,0.4731
11.0,1.0,57.0,0.47617
11.0,1.0,58.0,0.48539
11.0,1.0,59.0,0.50208
11.0,1.0,60.0,0.51726
11.0,1.0,61.0,0.52047
11.0,1.0,62.0,0.51913
11.0,1.0,63.0,0.51686
11.0,1.0,64.0,0.51881
11.0,1.0,65.0,0.51532
11.0,1.0,66.0,0.51015
11.0,1.0,67.0,0.5129
11.0,1.0,68.0,0.52167
11.0,1.0,69.0,0.53225
11.0,1.0,70.0,0.53979
11.0,1.0,71.0,0.54221
11.0,1.0,72.0,0.53331
11.0,1.0,73.0,0.52388
11.0,1.0,74.0,0.51304
11.0,1.0,75.0,0.50831
11.0,1.0,76.0,0.50919
11.0,1.0,77.0,0.51819
11.0,1.0,78.0,0.53408
11.0,1.0,79.0,0.54159
11.0,1.0,80.0,0.53918
11.0,1.0,81.0,0.52703
11.0,1.0,82.0,0.50707
11.0,1.0,83.0,0.48182
11.0,1.0,84.0,0.46127
11.0,1.0,85.0,0.45278
11.0,1.0,86.0,0.45489
11.0,1.0,87.0,0.46331
11.0,1.0,88.0,0.47456
11.0,1.0,89.0,0.48137
11.0,1.0,90.0,0.48271
11.0,1.0,91.0,0.4733
11.0,1.0,92.0,0.45263
11.0,1.0,93.0,0.43572
11.0,1.0,94.0,0.43951
11.0,1.0,95.0,0.45264
11.0,1.0,96.0,0.45698
11.0,1.0,97.0,0.43793
11.0,1.0,98.0,0.39374
11.0,1.0,99.0,0.30783
11.0,1.0,100.0,0.21959
12.0,1.0,1.0,0.23364
12.0,1.0,2.0,0.33467
12.0,1.0,3.0,0.41742
12.0,1.0,4.0,0.44939
12.0,1.0,5.0,0.4551
12.0,1.0,6.0,0.48054
12.0,1.0,7.0,0.51667
12.0,1.0,8.0,0.51905
12.0,1.0,9.0,0.50689
12.0,1.0,10.0,0.49939
12.0,1.0,11.0,0.49302
12.0,1.0,12.0,0.47119
12.0,1.0,13.0,0.45125
12.0,1.0,14.0,0.4452
12.0,1.0,15.0,0.44427
12.0,1.0,16.0,0.45641
12.0,1.0,17.0,0.48032
12.0,1.0,18.0,0.51812
12.0,1.0,19.0,0.55824
12.0,1.0,20.0,0.58723
12.0,1.0,21.0,0.59955
12.0,1.0,22.0,0.59941
12.0,1.0,23.0,0.59872
12.0,1.0,24.0,0.58767
12.0,1.0,25.0,0.57732
12.0,1.0,26.0,0.5691
12.0,1.0,27.0,0.56185
12.0,1.0,28.0,0.55429
12.0,1.0,29.0,0.5528
12.0,1.0,30.0,0.54669
12.0,1.0,31.0,0.54675
12.0,1.0,32.0,0.53955
12.0,1.0,33.0,0.51887
12.0,1.0,34.0,0.50653
12.0,1.0,35.0,0.49954
12.0,1.0,36.0,0.50066
12.0,1.0,37.0,0.52276
12.0,1.0,38.0,0.54763
12.0,1.0,39.0,0.56881
12.0,1.0,40.0,0.57448
12.0,1.0,41.0,0.57727
12.0,1.0,42.0,0.5754
12.0,1.0,43.0,0.57018
12.0,1.0,44.0,0.56596
12.0,1.0,45.0,0.55883
12.0,1.0,46.0,0.55286
12.0,1.0,47.0,0.55453
12.0,1.0,48.0,0.55841
12.0,1.0,49.0,0.55041
12.0,1.0,50.0,0.54448
12.0,1.0,51.0,0.54827
12.0,1.0,52.0,0.54493
12.0,1.0,53.0,0.54154
12.0,1.0,54.0,0.53916
12.0,1.0,55.0,0.53805
12.0,1.0,56.0,0.52845
12.0,1.0,57.0,0.51444
12.0,1.0,58.0,0.51624
12.0,1.0,59.0,0.5153
12.0,1.0,60.0,0.51738
12.0,1.0,61.0,0.51594
12.0,1.0,62.0,0.51481
12.0,1.0,63.0,0.50911
12.0,1.0,64.0,0.50566
12.0,1.0,65.0,0.50737
12.0,1.0,66.0,0.51605
12.0,1.0,67.0,0.52912
12.0,1.0,68.0,0.55354
12.0,1.0,69.0,0.57591
12.0,1.0,70.0,0.58244
12.0,1.0,71.0,0.57259
12.0,1.0,72.0,0.54339
12.0,1.0,73.0,0.50823
12.0,1.0,74.0,0.47245
12.0,1.0,75.0,0.44695
12.0,1.0,76.0,0.42601
12.0,1.0,77.0,0.42472
12.0,1.0,78.0,0.44349
12.0,1.0,79.0,0.46856
12.0,1.0,80.0,0.48142
12.0,1.0,81.0,0.4859
12.0,1.0,82.0,0.47616
12.0,1.0,83.0,0.45127
12.0,1.0,84.0,0.42284
12.0,1.0,85.0,0.39922
12.0,1.0,86.0,0.39456
12.0,1.0,87.0,0.3798
12.0,1.0,88.0,0.34477
12.0,1.0,89.0,0.32068
12.0,1.0,90.0,0.34469
12.0,1.0,91.0,0.38365
12.0,1.0,92.0,0.39206
12.0,1.0,93.0,0.38607
12.0,1.0,94.0,0.39836
12.0,1.0,95.0,0.39028
12.0,1.0,96.0,0.37503
12.0,1.0,97.0,0.33255
12.0,1.0,98.0,0.32065
12.0,1.0,99.0,0.29137
12.0,1.0,100.0,0.16264
13.0,1.0,1.0,0.20868
13.0,1.0,2.0,0.27765
13.0,1.0,3.0,0.34534
13.0,1.0,4.0,0.39341
13.0,1.0,5.0,0.4316
13.0,1.0,6.0,0.46498
13.0,1.0,7.0,0.47867
13.0,1.0,8.0,0.47551
13.0,1.0,9.0,0.46346
13.0,1.0,10.0,0.44301
13.0,1.0,11.0,0.43038
13.0,1.0,12.0,0.43218
13.0,1.0,13.0,0.44301
13.0,1.0,14.0,0.45587
13.0,1.0,15.0,0.46827
13.0,1.0,16.0,0.47625
13.0,1.0,17.0,0.48323
13.0,1.0,18.0,0.49519
13.0,1.0,19.0,0.51297
13.0,1.0,20.0,0.52769
13.0,1.0,21.0,0.5397
13.0,1.0,22.0,0.55497
13.0,1.0,23.0,0.56569
13.0,1.0,24.0,0.57678
13.0,1.0,25.0,0.5865
13.0,1.0,26.0,0.59411
13.0,1.0,27.0,0.5954
13.0,1.0,28.0,0.59272
13.0,1.0,29.0,0.59034
13.0,1.0,30.0,0.58962
13.0,1.0,31.0,0.59348
13.0,1.0,32.0,0.59928
13.0,1.0,33.0,0.60637
13.0,1.0,34.0,0.62038
13.0,1.0,35.0,0.63428
13.0,1.0,36.0,0.64261
13.0,1.0,37.0,0.64874
13.0,1.0,38.0,0.6462
13.0,1.0,39.0,0.6383
13.0,1.0,40.0,0.6319
13.0,1.0,41.0,0.62402
13.0,1.0,42.0,0.61907
13.0,1.0,43.0,0.61572
13.0,1.0,44.0,0.60765
13.0,1.0,45.0,0.59722
13.0,1.0,46.0,0.5941
13.0,1.0,47.0,0.59957
13.0,1.0,48.0,0.60168
13.0,1.0,49.0,0.59939
13.0,1.0,50.0,0.60016
13.0,1.0,51.0,0.60357
13.0,1.0,52.0,0.60751
13.0,1.0,53.0,0.61663
13.0,1.0,54.0,0.62506
13.0,1.0,55.0,0.62669
13.0,1.0,56.0,0.62151
13.0,1.0,57.0,0.61627
13.0,1.0,58.0,0.61441
13.0,1.0,59.0,0.61257
13.0,1.0,60.0,0.61624
13.0,1.0,61.0,0.62279
13.0,1.0,62.0,0.63074
13.0,1.0,63.0,0.63587
13.0,1.0,64.0,0.63111
13.0,1.0,65.0,0.62177
13.0,1.0,66.0,0.61054
13.0,1.0,67.0,0.60297
13.0,1.0,68.0,0.5964
13.0,1.0,69.0,0.59219
13.0,1.0,70.0,0.58796
13.0,1.0,71.0,0.57784
13.0,1.0,72.0,0.56612
13.0,1.0,73.0,0.55434
13.0,1.0,74.0,0.54112
13.0,1.0,75.0,0.52429
13.0,1.0,76.0,0.50782
13.0,1.0,77.0,0.49236
13.0,1.0,78.0,0.482
13.0,1.0,79.0,0.47708
13.0,1.0,80.0,0.47772
13.0,1.0,81.0,0.48358
13.0,1.0,82.0,0.48353
13.0,1.0,83.0,0.47672
13.0,1.0,84.0,0.46456
13.0,1.0,85.0,0.44441
13.0,1.0,86.0,0.4178
13.0,1.0,87.0,0.39102
13.0,1.0,88.0,0.3702
13.0,1.0,89.0,0.36934
13.0,1.0,90.0,0.39137
13.0,1.0,91.0,0.41703
13.0,1.0,92.0,0.42778
13.0,1.0,93.0,0.42373
13.0,1.0,94.0,0.40558
13.0,1.0,95.0,0.38197
13.0,1.0,96.0,0.343
13.0,1.0,97.0,0.3063
13.0,1.0,98.0,0.27039
13.0,1.0,99.0,0.22959
13.0,1.0,100.0,0.18308
14.0,1.0,1.0,0.17454
14.0,1.0,2.0,0.25001
14.0,1.0,3.0,0.32322
14.0,1.0,4.0,0.3741
14.0,1.0,5.0,0.41773
14.0,1.0,6.0,0.4636
14.0,1.0,7.0,0.50884
14.0,1.0,8.0,0.54172
14.0,1.0,9.0,0.55561
14.0,1.0,10.0,0.5547
14.0,1.0,11.0,0.5442
14.0,1.0,12.0,0.52596
14.0,1.0,13.0,0.50126
14.0,1.0,14.0,0.4705
14.0,1.0,15.0,0.43034
14.0,1.0,16.0,0.40411
14.0,1.0,17.0,0.39844
14.0,1.0,18.0,0.40186
14.0,1.0,19.0,0.41049
14.0,1.0,20.0,0.42531
14.0,1.0,21.0,0.44234
14.0,1.0,22.0,0.45641
14.0,1.0,23.0,0.4653
14.0,1.0,24.0,0.46938
14.0,1.0,25.0,0.46833
14.0,1.0,26.0,0.46798
14.0,1.0,27.0,0.46374
14.0,1.0,28.0,0.46392
14.0,1.0,29.0,0.46001
14.0,1.0,30.0,0.45402
14.0,1.0,31.0,0.45014
14.0,1.0,32.0,0.44494
14.0,1.0,33.0,0.44503
14.0,1.0,34.0,0.45181
14.0,1.0,35.0,0.46775
14.0,1.0,36.0,0.48799
14.0,1.0,37.0,0.5045
14.0,1.0,38.0,0.51823
14.0,1.0,39.0,0.52542
14.0,1.0,40.0,0.52642
14.0,1.0,41.0,0.52788
14.0,1.0,42.0,0.5267
14.0,1.0,43.0,0.52092
14.0,1.0,44.0,0.51923
14.0,1.0,45.0,0.52558
14.0,1.0,46.0,0.54193
14.0,1.0,47.0,0.56479
14.0,1.0,48.0,0.58373
14.0,1.0,49.0,0.58721
14.0,1.0,50.0,0.57758
14.0,1.0,51.0,0.56869
14.0,1.0,52.0,0.56617
14.0,1.0,53.0,0.57373
14.0,1.0,54.0,0.57767
14.0,1.0,55.0,0.57797
14.0,1.0,56.0,0.57424
14.0,1.0,57.0,0.5656
14.0,1.0,58.0,0.56097
14.0,1.0,59.0,0.5588
14.0,1.0,60.0,0.55551
14.0,1.0,61.0,0.55325
14.0,1.0,62.0,0.54161
14.0,1.0,63.0,0.5258
14.0,1.0,64.0,0.51539
14.0,1.0,65.0,0.51315
14.0,1.0,66.0,0.50976
14.0,1.0,67.0,0.50823
14.0,1.0,68.0,0.5099
14.0,1.0,69.0,0.51303
14.0,1.0,70.0,0.51539
14.0,1.0,71.0,0.51271
14.0,1.0,72.0,0.50367
14.0,1.0,73.0,0.48885
14.0,1.0,74.0,0.47867
14.0,1.0,75.0,0.46744
14.0,1.0,76.0,0.45575
14.0,1.0,77.0,0.44477
14.0,1.0,78.0,0.44509
14.0,1.0,79.0,0.4518
14.0,1.0,80.0,0.4568
14.0,1.0,81.0,0.46145
14.0,1.0,82.0,0.46982
14.0,1.0,83.0,0.46613
14.0,1.0,84.0,0.45481
14.0,1.0,85.0,0.436
14.0,1.0,86.0,0.41628
14.0,1.0,87.0,0.40428
14.0,1.0,88.0,0.38771
14.0,1.0,89.0,0.38225
14.0,1.0,90.0,0.38957
14.0,1.0,91.0,0.37796
14.0,1.0,92.0,0.39946
14.0,1.0,93.0,0.39437
14.0,1.0,94.0,0.38608
14.0,1.0,95.0,0.37065
14.0,1.0,96.0,0.32929
14.0,1.0,97.0,0.2922
14.0,1.0,98.0,0.26567
14.0,1.0,99.0,0.22982
14.0,1.0,100.0,0.17947
15.0,1.0,1.0,0.18171
15.0,1.0,2.0,0.2262
15.0,1.0,3.0,0.26791
15.0,1.0,4.0,0.30453
15.0,1.0,5.0,0.34703
15.0,1.0,6.0,0.39237
15.0,1.0,7.0,0.42945
15.0,1.0,8.0,0.45276
15.0,1.0,9.0,0.46813
15.0,1.0,10.0,0.46128
15.0,1.0,11.0,0.45267
15.0,1.0,12.0,0.46192
15.0,1.0,13.0,0.48168
15.0,1.0,14.0,0.50143
15.0,1.0,15.0,0.51876
15.0,1.0,16.0,0.52229
15.0,1.0,17.0,0.52365
15.0,1.0,18.0,0.52065
15.0,1.0,19.0,0.51285
15.0,1.0,20.0,0.49941
15.0,1.0,21.0,0.48222
15.0,1.0,22.0,0.45827
15.0,1.0,23.0,0.4296
15.0,1.0,24.0,0.40201
15.0,1.0,25.0,0.37559
15.0,1.0,26.0,0.35489
15.0,1.0,27.0,0.34263
15.0,1.0,28.0,0.33697
15.0,1.0,29.0,0.33715
15.0,1.0,30.0,0.34201
15.0,1.0,31.0,0.35268
15.0,1.0,32.0,0.36581
15.0,1.0,33.0,0.37939
15.0,1.0,34.0,0.38958
15.0,1.0,35.0,0.39418
15.0,1.0,36.0,0.39804
15.0,1.0,37.0,0.40405
15.0,1.0,38.0,0.41071
15.0,1.0,39.0,0.41579
15.0,1.0,40.0,0.41657
15.0,1.0,41.0,0.41443
15.0,1.0,42.0,0.40911
15.0,1.0,43.0,0.40191
15.0,1.0,44.0,0.39114
15.0,1.0,45.0,0.37998
15.0,1.0,46.0,0.36956
15.0,1.0,47.0,0.36274
15.0,1.0,48.0,0.35958
15.0,1.0,49.0,0.3603
15.0,1.0,50.0,0.36184
15.0,1.0,51.0,0.36536
15.0,1.0,52.0,0.36936
15.0,1.0,53.0,0.37506
15.0,1.0,54.0,0.38044
15.0,1.0,55.0,0.38354
15.0,1.0,56.0,0.38653
15.0,1.0,57.0,0.38713
15.0,1.0,58.0,0.3843
15.0,1.0,59.0,0.38037
15.0,1.0,60.0,0.37802
15.0,1.0,61.0,0.38049
15.0,1.0,62.0,0.38911
15.0,1.0,63.0,0.39995
15.0,1.0,64.0,0.40861
15.0,1.0,65.0,0.41224
15.0,1.0,66.0,0.41342
15.0,1.0,67.0,0.41351
15.0,1.0,68.0,0.41141
15.0,1.0,69.0,0.40957
15.0,1.0,70.0,0.40962
15.0,1.0,71.0,0.41262
15.0,1.0,72.0,0.4206
15.0,1.0,73.0,0.43205
15.0,1.0,74.0,0.43834
15.0,1.0,75.0,0.43918
15.0,1.0,76.0,0.43548
15.0,1.0,77.0,0.43261
15.0,1.0,78.0,0.43322
15.0,1.0,79.0,0.43954
15.0,1.0,80.0,0.44977
15.0,1.0,81.0,0.4602
15.0,1.0,82.0,0.46644
15.0,1.0,83.0,0.46909
15.0,1.0,84.0,0.47623
15.0,1.0,85.0,0.48831
15.0,1.0,86.0,0.50228
15.0,1.0,87.0,0.51303
15.0,1.0,88.0,0.51897
15.0,1.0,89.0,0.51782
15.0,1.0,90.0,0.51417
15.0,1.0,91.0,0.50853
15.0,1.0,92.0,0.49796
15.0,1.0,93.0,0.47922
15.0,1.0,94.0,0.45018
15.0,1.0,95.0,0.41641
15.0,1.0,96.0,0.37731
15.0,1.0,97.0,0.33229
15.0,1.0,98.0,0.27895
15.0,1.0,99.0,0.22503
15.0,1.0,100.0,0.17188
16.0,1.0,1.0,0.17856
16.0,1.0,2.0,0.22547
16.0,1.0,3.0,0.27974
16.0,1.0,4.0,0.32779
16.0,1.0,5.0,0.36703
16.0,1.0,6.0,0.40017
16.0,1.0,7.0,0.43367
16.0,1.0,8.0,0.46877
16.0,1.0,9.0,0.50668
16.0,1.0,10.0,0.53837
16.0,1.0,11.0,0.55422
16.0,1.0,12.0,0.55412
16.0,1.0,13.0,0.5418
16.0,1.0,14.0,0.5218
16.0,1.0,15.0,0.501
16.0,1.0,16.0,0.48494
16.0,1.0,17.0,0.47597
16.0,1.0,18.0,0.47025
16.0,1.0,19.0,0.46586
16.0,1.0,20.0,0.46201
16.0,1.0,21.0,0.45866
16.0,1.0,22.0,0.45705
16.0,1.0,23.0,0.4588
16.0,1.0,24.0,0.46121
16.0,1.0,25.0,0.46309
16.0,1.0,26.0,0.46233
16.0,1.0,27.0,0.45795
16.0,1.0,28.0,0.45241
16.0,1.0,29.0,0.44908
16.0,1.0,30.0,0.44921
16.0,1.0,31.0,0.4492
16.0,1.0,32.0,0.45273
16.0,1.0,33.0,0.46428
16.0,1.0,34.0,0.48047
16.0,1.0,35.0,0.49804
16.0,1.0,36.0,0.51484
16.0,1.0,37.0,0.53283
16.0,1.0,38.0,0.54922
16.0,1.0,39.0,0.56085
16.0,1.0,40.0,0.57051
16.0,1.0,41.0,0.57946
16.0,1.0,42.0,0.58888
16.0,1.0,43.0,0.59555
16.0,1.0,44.0,0.5986
16.0,1.0,45.0,0.6026
16.0,1.0,46.0,0.60689
16.0,1.0,47.0,0.60935
16.0,1.0,48.0,0.60708
16.0,1.0,49.0,0.60114
16.0,1.0,50.0,0.59452
16.0,1.0,51.0,0.5908
16.0,1.0,52.0,0.58997
16.0,1.0,53.0,0.59062
16.0,1.0,54.0,0.59153
16.0,1.0,55.0,0.59269
16.0,1.0,56.0,0.59632
16.0,1.0,57.0,0.60155
16.0,1.0,58.0,0.60669
16.0,1.0,59.0,0.61031
16.0,1.0,60.0,0.61147
16.0,1.0,61.0,0.61005
16.0,1.0,62.0,0.60775
16.0,1.0,63.0,0.60693
16.0,1.0,64.0,0.60412
16.0,1.0,65.0,0.59757
16.0,1.0,66.0,0.58722
16.0,1.0,67.0,0.57546
16.0,1.0,68.0,0.56449
16.0,1.0,69.0,0.55233
16.0,1.0,70.0,0.53847
16.0,1.0,71.0,0.5244
16.0,1.0,72.0,0.51377
16.0,1.0,73.0,0.50787
16.0,1.0,74.0,0.50521
16.0,1.0,75.0,0.50535
16.0,1.0,76.0,0.50556
16.0,1.0,77.0,0.50945
16.0,1.0,78.0,0.51542
16.0,1.0,79.0,0.5209
16.0,1.0,80.0,0.52453
16.0,1.0,81.0,0.52739
16.0,1.0,82.0,0.52992
16.0,1.0,83.0,0.53081
16.0,1.0,84.0,0.53198
16.0,1.0,85.0,0.53712
16.0,1.0,86.0,0.54422
16.0,1.0,87.0,0.55143
16.0,1.0,88.0,0.55728
16.0,1.0,89.0,0.55436
16.0,1.0,90.0,0.54225
16.0,1.0,91.0,0.52438
16.0,1.0,92.0,0.50038
16.0,1.0,93.0,0.4753
16.0,1.0,94.0,0.44686
16.0,1.0,95.0,0.41449
16.0,1.0,96.0,0.37312
16.0,1.0,97.0,0.32964
16.0,1.0,98.0,0.28342
16.0,1.0,99.0,0.23608
16.0,1.0,100.0,0.19103
17.0,1.0,1.0,0.1801
17.0,1.0,2.0,0.21873
17.0,1.0,3.0,0.25451
17.0,1.0,4.0,0.28527
17.0,1.0,5.0,0.31402
17.0,1.0,6.0,0.33819
17.0,1.0,7.0,0.35477
17.0,1.0,8.0,0.3661
17.0,1.0,9.0,0.37205
17.0,1.0,10.0,0.37413
17.0,1.0,11.0,0.36627
17.0,1.0,12.0,0.35226
17.0,1.0,13.0,0.33827
17.0,1.0,14.0,0.3295
17.0,1.0,15.0,0.32583
17.0,1.0,16.0,0.33335
17.0,1.0,17.0,0.34342
17.0,1.0,18.0,0.34613
17.0,1.0,19.0,0.34467
17.0,1.0,20.0,0.34297
17.0,1.0,21.0,0.34192
17.0,1.0,22.0,0.3388
17.0,1.0,23.0,0.33462
17.0,1.0,24.0,0.33043
17.0,1.0,25.0,0.32823
17.0,1.0,26.0,0.32679
17.0,1.0,27.0,0.33106
17.0,1.0,28.0,0.34034
17.0,1.0,29.0,0.35397
17.0,1.0,30.0,0.3687
17.0,1.0,31.0,0.38002
17.0,1.0,32.0,0.39243
17.0,1.0,33.0,0.40842
17.0,1.0,34.0,0.42909
17.0,1.0,35.0,0.45194
17.0,1.0,36.0,0.47434
17.0,1.0,37.0,0.5012
17.0,1.0,38.0,0.52916
17.0,1.0,39.0,0.5547
17.0,1.0,40.0,0.57276
17.0,1.0,41.0,0.58755
17.0,1.0,42.0,0.59692
17.0,1.0,43.0,0.60293
17.0,1.0,44.0,0.60245
17.0,1.0,45.0,0.59856
17.0,1.0,46.0,0.59801
17.0,1.0,47.0,0.59687
17.0,1.0,48.0,0.59315
17.0,1.0,49.0,0.58292
17.0,1.0,50.0,0.57208
17.0,1.0,51.0,0.56246
17.0,1.0,52.0,0.55413
17.0,1.0,53.0,0.54778
17.0,1.0,54.0,0.54038
17.0,1.0,55.0,0.53072
17.0,1.0,56.0,0.52145
17.0,1.0,57.0,0.51697
17.0,1.0,58.0,0.51537
17.0,1.0,59.0,0.51228
17.0,1.0,60.0,0.50598
17.0,1.0,61.0,0.49884
17.0,1.0,62.0,0.49085
17.0,1.0,63.0,0.47652
17.0,1.0,64.0,0.46353
17.0,1.0,65.0,0.45276
17.0,1.0,66.0,0.434
17.0,1.0,67.0,0.42426
17.0,1.0,68.0,0.41753
17.0,1.0,69.0,0.40457
17.0,1.0,70.0,0.39405
17.0,1.0,71.0,0.38812
17.0,1.0,72.0,0.3845
17.0,1.0,73.0,0.38936
17.0,1.0,74.0,0.39432
17.0,1.0,75.0,0.39635
17.0,1.0,76.0,0.39801
17.0,1.0,77.0,0.39799
17.0,1.0,78.0,0.39221
17.0,1.0,79.0,0.37793
17.0,1.0,80.0,0.35452
17.0,1.0,81.0,0.33817
17.0,1.0,82.0,0.32734
17.0,1.0,83.0,0.32638
17.0,1.0,84.0,0.32592
17.0,1.0,85.0,0.33505
17.0,1.0,86.0,0.3523
17.0,1.0,87.0,0.36199
17.0,1.0,88.0,0.36583
17.0,1.0,89.0,0.34312
17.0,1.0,90.0,0.31198
17.0,1.0,91.0,0.30266
17.0,1.0,92.0,0.3235
17.0,1.0,93.0,0.33812
17.0,1.0,94.0,0.34482
17.0,1.0,95.0,0.33898
17.0,1.0,96.0,0.34338
17.0,1.0,97.0,0.33847
17.0,1.0,98.0,0.30563
17.0,1.0,99.0,0.24351
17.0,1.0,100.0,0.17057
18.0,1.0,1.0,0.18374
18.0,1.0,2.0,0.21819
18.0,1.0,3.0,0.26023
18.0,1.0,4.0,0.291
18.0,1.0,5.0,0.31436
18.0,1.0,6.0,0.33355
18.0,1.0,7.0,0.35214
18.0,1.0,8.0,0.36536
18.0,1.0,9.0,0.37276
18.0,1.0,10.0,0.37958
18.0,1.0,11.0,0.38659
18.0,1.0,12.0,0.38962
18.0,1.0,13.0,0.38758
18.0,1.0,14.0,0.38093
18.0,1.0,15.0,0.37511
18.0,1.0,16.0,0.37493
18.0,1.0,17.0,0.37531
18.0,1.0,18.0,0.37109
18.0,1.0,19.0,0.36382
18.0,1.0,20.0,0.35858
18.0,1.0,21.0,0.35832
18.0,1.0,22.0,0.36511
18.0,1.0,23.0,0.37359
18.0,1.0,24.0,0.38091
18.0,1.0,25.0,0.38807
18.0,1.0,26.0,0.39384
18.0,1.0,27.0,0.39849
18.0,1.0,28.0,0.40118
18.0,1.0,29.0,0.40375
18.0,1.0,30.0,0.40786
18.0,1.0,31.0,0.41111
18.0,1.0,32.0,0.41445
18.0,1.0,33.0,0.4207
18.0,1.0,34.0,0.43034
18.0,1.0,35.0,0.4408
18.0,1.0,36.0,0.45165
18.0,1.0,37.0,0.45737
18.0,1.0,38.0,0.46345
18.0,1.0,39.0,0.46929
18.0,1.0,40.0,0.47753
18.0,1.0,41.0,0.48796
18.0,1.0,42.0,0.49974
18.0,1.0,43.0,0.50974
18.0,1.0,44.0,0.52057
18.0,1.0,45.0,0.52939
18.0,1.0,46.0,0.53591
18.0,1.0,47.0,0.53853
18.0,1.0,48.0,0.53899
18.0,1.0,49.0,0.53695
18.0,1.0,50.0,0.53331
18.0,1.0,51.0,0.53139
18.0,1.0,52.0,0.52979
18.0,1.0,53.0,0.52551
18.0,1.0,54.0,0.52019
18.0,1.0,55.0,0.51445
18.0,1.0,56.0,0.50943
18.0,1.0,57.0,0.50388
18.0,1.0,58.0,0.49537
18.0,1.0,59.0,0.48753
18.0,1.0,60.0,0.48528
18.0,1.0,61.0,0.48734
18.0,1.0,62.0,0.48518
18.0,1.0,63.0,0.4808
18.0,1.0,64.0,0.47935
18.0,1.0,65.0,0.47765
18.0,1.0,66.0,0.47774
18.0,1.0,67.0,0.47856
18.0,1.0,68.0,0.47526
18.0,1.0,69.0,0.47031
18.0,1.0,70.0,0.46583
18.0,1.0,71.0,0.4596
18.0,1.0,72.0,0.4492
18.0,1.0,73.0,0.43869
18.0,1.0,74.0,0.42854
18.0,1.0,75.0,0.41658
18.0,1.0,76.0,0.40424
18.0,1.0,77.0,0.39207
18.0,1.0,78.0,0.38593
18.0,1.0,79.0,0.38454
18.0,1.0,80.0,0.38444
18.0,1.0,81.0,0.38439
18.0,1.0,82.0,0.3835
18.0,1.0,83.0,0.38748
18.0,1.0,84.0,0.39876
18.0,1.0,85.0,0.41459
18.0,1.0,86.0,0.42956
18.0,1.0,87.0,0.43874
18.0,1.0,88.0,0.44627
18.0,1.0,89.0,0.45199
18.0,1.0,90.0,0.44624
18.0,1.0,91.0,0.4281
18.0,1.0,92.0,0.40794
18.0,1.0,93.0,0.39039
18.0,1.0,94.0,0.37015
18.0,1.0,95.0,0.34511
18.0,1.0,96.0,0.32016
18.0,1.0,97.0,0.29494
18.0,1.0,98.0,0.26444
18.0,1.0,99.0,0.22115
18.0,1.0,100.0,0.17333
19.0,1.0,1.0,0.17842
19.0,1.0,2.0,0.23947
19.0,1.0,3.0,0.30428
19.0,1.0,4.0,0.35727
19.0,1.0,5.0,0.39601
19.0,1.0,6.0,0.41867
19.0,1.0,7.0,0.43369
19.0,1.0,8.0,0.45652
19.0,1.0,9.0,0.4849
19.0,1.0,10.0,0.51608
19.0,1.0,11.0,0.54356
19.0,1.0,12.0,0.56902
19.0,1.0,13.0,0.58945
19.0,1.0,14.0,0.60582
19.0,1.0,15.0,0.60769
19.0,1.0,16.0,0.59825
19.0,1.0,17.0,0.57752
19.0,1.0,18.0,0.55096
19.0,1.0,19.0,0.51937
19.0,1.0,20.0,0.49495
19.0,1.0,21.0,0.48096
19.0,1.0,22.0,0.4819
19.0,1.0,23.0,0.49563
19.0,1.0,24.0,0.51537
19.0,1.0,25.0,0.53439
19.0,1.0,26.0,0.55031
19.0,1.0,27.0,0.56181
19.0,1.0,28.0,0.56748
19.0,1.0,29.0,0.56164
19.0,1.0,30.0,0.55552
19.0,1.0,31.0,0.54876
19.0,1.0,32.0,0.54096
19.0,1.0,33.0,0.52891
19.0,1.0,34.0,0.51915
19.0,1.0,35.0,0.51135
19.0,1.0,36.0,0.50461
19.0,1.0,37.0,0.49697
19.0,1.0,38.0,0.49165
19.0,1.0,39.0,0.48946
19.0,1.0,40.0,0.4903
19.0,1.0,41.0,0.48903
19.0,1.0,42.0,0.48728
19.0,1.0,43.0,0.48702
19.0,1.0,44.0,0.48979
19.0,1.0,45.0,0.49359
19.0,1.0,46.0,0.49847
19.0,1.0,47.0,0.50328
19.0,1.0,48.0,0.51193
19.0,1.0,49.0,0.52309
19.0,1.0,50.0,0.53308
19.0,1.0,51.0,0.541
19.0,1.0,52.0,0.54561
19.0,1.0,53.0,0.54985
19.0,1.0,54.0,0.54991
19.0,1.0,55.0,0.54296
19.0,1.0,56.0,0.53511
19.0,1.0,57.0,0.52917
19.0,1.0,58.0,0.5267
19.0,1.0,59.0,0.5293
19.0,1.0,60.0,0.53419
19.0,1.0,61.0,0.53992
19.0,1.0,62.0,0.54689
19.0,1.0,63.0,0.55748
19.0,1.0,64.0,0.56777
19.0,1.0,65.0,0.57451
19.0,1.0,66.0,0.57592
19.0,1.0,67.0,0.5747
19.0,1.0,68.0,0.5673
19.0,1.0,69.0,0.55584
19.0,1.0,70.0,0.54832
19.0,1.0,71.0,0.5453
19.0,1.0,72.0,0.54541
19.0,1.0,73.0,0.54558
19.0,1.0,74.0,0.54488
19.0,1.0,75.0,0.54042
19.0,1.0,76.0,0.53322
19.0,1.0,77.0,0.52441
19.0,1.0,78.0,0.51071
19.0,1.0,79.0,0.49719
19.0,1.0,80.0,0.48552
19.0,1.0,81.0,0.47888
19.0,1.0,82.0,0.4691
19.0,1.0,83.0,0.46228
19.0,1.0,84.0,0.45747
19.0,1.0,85.0,0.45687
19.0,1.0,86.0,0.45558
19.0,1.0,87.0,0.46005
19.0,1.0,88.0,0.46493
19.0,1.0,89.0,0.46397
19.0,1.0,90.0,0.46017
19.0,1.0,91.0,0.45125
19.0,1.0,92.0,0.43756
19.0,1.0,93.0,0.40753
19.0,1.0,94.0,0.37312
19.0,1.0,95.0,0.3423
19.0,1.0,96.0,0.32174
19.0,1.0,97.0,0.30131
19.0,1.0,98.0,0.2795
19.0,1.0,99.0,0.23881
19.0,1.0,100.0,0.18588
20.0,1.0,1.0,0.17516
20.0,1.0,2.0,0.25337
20.0,1.0,3.0,0.31011
20.0,1.0,4.0,0.35658
20.0,1.0,5.0,0.38015
20.0,1.0,6.0,0.39427
20.0,1.0,7.0,0.39888
20.0,1.0,8.0,0.42875
20.0,1.0,9.0,0.49728
20.0,1.0,10.0,0.56212
20.0,1.0,11.0,0.60726
20.0,1.0,12.0,0.63318
20.0,1.0,13.0,0.63727
20.0,1.0,14.0,0.62316
20.0,1.0,15.0,0.59855
20.0,1.0,16.0,0.56869
20.0,1.0,17.0,0.53187
20.0,1.0,18.0,0.50676
20.0,1.0,19.0,0.49612
20.0,1.0,20.0,0.48697
20.0,1.0,21.0,0.46945
20.0,1.0,22.0,0.4394
20.0,1.0,23.0,0.41828
20.0,1.0,24.0,0.43146
20.0,1.0,25.0,0.46737
20.0,1.0,26.0,0.5001
20.0,1.0,27.0,0.52156
20.0,1.0,28.0,0.52533
20.0,1.0,29.0,0.52461
20.0,1.0,30.0,0.52772
20.0,1.0,31.0,0.52321
20.0,1.0,32.0,0.51662
20.0,1.0,33.0,0.51456
20.0,1.0,34.0,0.51412
20.0,1.0,35.0,0.50619
20.0,1.0,36.0,0.49847
20.0,1.0,37.0,0.4985
20.0,1.0,38.0,0.50808
20.0,1.0,39.0,0.51849
20.0,1.0,40.0,0.52068
20.0,1.0,41.0,0.5134
20.0,1.0,42.0,0.49384
20.0,1.0,43.0,0.46801
20.0,1.0,44.0,0.44908
20.0,1.0,45.0,0.4371
20.0,1.0,46.0,0.44154
20.0,1.0,47.0,0.45851
20.0,1.0,48.0,0.47636
20.0,1.0,49.0,0.49258
20.0,1.0,50.0,0.50605
20.0,1.0,51.0,0.51246
20.0,1.0,52.0,0.49973
20.0,1.0,53.0,0.47309
20.0,1.0,54.0,0.44019
20.0,1.0,55.0,0.41536
20.0,1.0,56.0,0.40025
20.0,1.0,57.0,0.40495
20.0,1.0,58.0,0.42459
20.0,1.0,59.0,0.44828
20.0,1.0,60.0,0.47959
20.0,1.0,61.0,0.51121
20.0,1.0,62.0,0.53004
20.0,1.0,63.0,0.54484
20.0,1.0,64.0,0.55217
20.0,1.0,65.0,0.55579
20.0,1.0,66.0,0.54974
20.0,1.0,67.0,0.54099
20.0,1.0,68.0,0.54467
20.0,1.0,69.0,0.54479
20.0,1.0,70.0,0.54898
20.0,1.0,71.0,0.54192
20.0,1.0,72.0,0.53476
20.0,1.0,73.0,0.52835
20.0,1.0,74.0,0.52902
20.0,1.0,75.0,0.5176
20.0,1.0,76.0,0.50286
20.0,1.0,77.0,0.49049
20.0,1.0,78.0,0.49054
20.0,1.0,79.0,0.48964
20.0,1.0,80.0,0.48916
20.0,1.0,81.0,0.48982
20.0,1.0,82.0,0.50255
20.0,1.0,83.0,0.51808
20.0,1.0,84.0,0.52933
20.0,1.0,85.0,0.53679
20.0,1.0,86.0,0.53074
20.0,1.0,87.0,0.50253
20.0,1.0,88.0,0.45534
20.0,1.0,89.0,0.40358
20.0,1.0,90.0,0.36162
20.0,1.0,91.0,0.3164
20.0,1.0,92.0,0.28976
20.0,1.0,93.0,0.30051
20.0,1.0,94.0,0.32078
20.0,1.0,95.0,0.34022
20.0,1.0,96.0,0.34308
20.0,1.0,97.0,0.32513
20.0,1.0,98.0,0.29369
20.0,1.0,99.0,0.23802
20.0,1.0,100.0,0.17767
1.0,2.0,1.0,0.17707
1.0,2.0,2.0,0.22919
1.0,2.0,3.0,0.27241
1.0,2.0,4.0,0.31034
1.0,2.0,5.0,0.34339
1.0,2.0,6.0,0.37119
1.0,2.0,7.0,0.39424
1.0,2.0,8.0,0.40892
1.0,2.0,9.0,0.42588
1.0,2.0,10.0,0.44662
1.0,2.0,11.0,0.45881
1.0,2.0,12.0,0.46277
1.0,2.0,13.0,0.46747
1.0,2.0,14.0,0.45954
1.0,2.0,15.0,0.44389
1.0,2.0,16.0,0.42083
1.0,2.0,17.0,0.39753
1.0,2.0,18.0,0.38155
1.0,2.0,19.0,0.37218
1.0,2.0,20.0,0.36482
1.0,2.0,21.0,0.35797
1.0,2.0,22.0,0.3546
1.0,2.0,23.0,0.35242
1.0,2.0,24.0,0.35261
1.0,2.0,25.0,0.35582
1.0,2.0,26.0,0.35924
1.0,2.0,27.0,0.36404
1.0,2.0,28.0,0.37186
1.0,2.0,29.0,0.3815
1.0,2.0,30.0,0.39285
1.0,2.0,31.0,0.40564
1.0,2.0,32.0,0.41832
1.0,2.0,33.0,0.42958
1.0,2.0,34.0,0.44054
1.0,2.0,35.0,0.45202
1.0,2.0,36.0,0.46365
1.0,2.0,37.0,0.47293
1.0,2.0,38.0,0.47804
1.0,2.0,39.0,0.48177
1.0,2.0,40.0,0.48605
1.0,2.0,41.0,0.49136
1.0,2.0,42.0,0.49621
1.0,2.0,43.0,0.49833
1.0,2.0,44.0,0.49995
1.0,2.0,45.0,0.50344
1.0,2.0,46.0,0.50679
1.0,2.0,47.0,0.50374
1.0,2.0,48.0,0.49433
1.0,2.0,49.0,0.48616
1.0,2.0,50.0,0.47778
1.0,2.0,51.0,0.4723
1.0,2.0,52.0,0.47078
1.0,2.0,53.0,0.47006
1.0,2.0,54.0,0.47032
1.0,2.0,55.0,0.4716
1.0,2.0,56.0,0.47453
1.0,2.0,57.0,0.47653
1.0,2.0,58.0,0.47824
1.0,2.0,59.0,0.48
1.0,2.0,60.0,0.48691
1.0,2.0,61.0,0.4959
1.0,2.0,62.0,0.50325
1.0,2.0,63.0,0.50783
1.0,2.0,64.0,0.51338
1.0,2.0,65.0,0.51873
1.0,2.0,66.0,0.52244
1.0,2.0,67.0,0.52882
1.0,2.0,68.0,0.52844
1.0,2.0,69.0,0.52165
1.0,2.0,70.0,0.52195
1.0,2.0,71.0,0.52247
1.0,2.0,72.0,0.51731
1.0,2.0,73.0,0.49456
1.0,2.0,74.0,0.46961
1.0,2.0,75.0,0.46098
1.0,2.0,76.0,0.45225
1.0,2.0,77.0,0.43375
1.0,2.0,78.0,0.41315
1.0,2.0,79.0,0.3996
1.0,2.0,80.0,0.39032
1.0,2.0,81.0,0.38585
1.0,2.0,82.0,0.38387
1.0,2.0,83.0,0.38283
1.0,2.0,84.0,0.3821
1.0,2.0,85.0,0.3807
1.0,2.0,86.0,0.37409
1.0,2.0,87.0,0.37103
1.0,2.0,88.0,0.37664
1.0,2.0,89.0,0.38477
1.0,2.0,90.0,0.38715
1.0,2.0,91.0,0.38816
1.0,2.0,92.0,0.38305
1.0,2.0,93.0,0.37621
1.0,2.0,94.0,0.36804
1.0,2.0,95.0,0.35674
1.0,2.0,96.0,0.34407
1.0,2.0,97.0,0.32835
1.0,2.0,98.0,0.29861
1.0,2.0,99.0,0.2519
1.0,2.0,100.0,0.21117
2.0,2.0,1.0,0.18551
2.0,2.0,2.0,0.24592
2.0,2.0,3.0,0.29877
2.0,2.0,4.0,0.33601
2.0,2.0,5.0,0.35612
2.0,2.0,6.0,0.36788
2.0,2.0,7.0,0.38186
2.0,2.0,8.0,0.39717
2.0,2.0,9.0,0.40823
2.0,2.0,10.0,0.42909
2.0,2.0,11.0,0.45815
2.0,2.0,12.0,0.48959
2.0,2.0,13.0,0.5158
2.0,2.0,14.0,0.52842
2.0,2.0,15.0,0.52975
2.0,2.0,16.0,0.51998
2.0,2.0,17.0,0.49905
2.0,2.0,18.0,0.47241
2.0,2.0,19.0,0.44352
2.0,2.0,20.0,0.40749
2.0,2.0,21.0,0.37006
2.0,2.0,22.0,0.34177
2.0,2.0,23.0,0.32272
2.0,2.0,24.0,0.31462
2.0,2.0,25.0,0.31481
2.0,2.0,26.0,0.315
2.0,2.0,27.0,0.32027
2.0,2.0,28.0,0.32526
2.0,2.0,29.0,0.32769
2.0,2.0,30.0,0.33148
2.0,2.0,31.0,0.33849
2.0,2.0,32.0,0.34692
2.0,2.0,33.0,0.35413
2.0,2.0,34.0,0.36086
2.0,2.0,35.0,0.36711
2.0,2.0,36.0,0.37417
2.0,2.0,37.0,0.38117
2.0,2.0,38.0,0.38801
2.0,2.0,39.0,0.39245
2.0,2.0,40.0,0.39627
2.0,2.0,41.0,0.40283
2.0,2.0,42.0,0.41103
2.0,2.0,43.0,0.4205
2.0,2.0,44.0,0.43069
2.0,2.0,45.0,0.43826
2.0,2.0,46.0,0.4416
2.0,2.0,47.0,0.44334
2.0,2.0,48.0,0.44601
2.0,2.0,49.0,0.44705
2.0,2.0,50.0,0.45106
2.0,2.0,51.0,0.45521
2.0,2.0,52.0,0.46068
2.0,2.0,53.0,0.46616
2.0,2.0,54.0,0.47303
2.0,2.0,55.0,0.48253
2.0,2.0,56.0,0.49179
2.0,2.0,57.0,0.49902
2.0,2.0,58.0,0.5038
2.0,2.0,59.0,0.51069
2.0,2.0,60.0,0.51816
2.0,2.0,61.0,0.52599
2.0,2.0,62.0,0.53041
2.0,2.0,63.0,0.53311
2.0,2.0,64.0,0.53091
2.0,2.0,65.0,0.52813
2.0,2.0,66.0,0.527
2.0,2.0,67.0,0.52831
2.0,2.0,68.0,0.528
2.0,2.0,69.0,0.52828
2.0,2.0,70.0,0.53197
2.0,2.0,71.0,0.5312
2.0,2.0,72.0,0.52981
2.0,2.0,73.0,0.52615
2.0,2.0,74.0,0.5183
2.0,2.0,75.0,0.50233
2.0,2.0,76.0,0.48246
2.0,2.0,77.0,0.46179
2.0,2.0,78.0,0.44722
2.0,2.0,79.0,0.43754
2.0,2.0,80.0,0.43073
2.0,2.0,81.0,0.42059
2.0,2.0,82.0,0.40646
2.0,2.0,83.0,0.39613
2.0,2.0,84.0,0.39182
2.0,2.0,85.0,0.38803
2.0,2.0,86.0,0.38134
2.0,2.0,87.0,0.37437
2.0,2.0,88.0,0.36982
2.0,2.0,89.0,0.3669
2.0,2.0,90.0,0.3611
2.0,2.0,91.0,0.35871
2.0,2.0,92.0,0.35871
2.0,2.0,93.0,0.35251
2.0,2.0,94.0,0.34004
2.0,2.0,95.0,0.32928
2.0,2.0,96.0,0.31951
2.0,2.0,97.0,0.30479
2.0,2.0,98.0,0.28523
2.0,2.0,99.0,0.25841
2.0,2.0,100.0,0.22825
3.0,2.0,1.0,0.24091
3.0,2.0,2.0,0.30582
3.0,2.0,3.0,0.36544
3.0,2.0,4.0,0.39992
3.0,2.0,5.0,0.42836
3.0,2.0,6.0,0.44726
3.0,2.0,7.0,0.46559
3.0,2.0,8.0,0.48724
3.0,2.0,9.0,0.51045
3.0,2.0,10.0,0.53016
3.0,2.0,11.0,0.55019
3.0,2.0,12.0,0.56745
3.0,2.0,13.0,0.57862
3.0,2.0,14.0,0.58746
3.0,2.0,15.0,0.59493
3.0,2.0,16.0,0.60284
3.0,2.0,17.0,0.61683
3.0,2.0,18.0,0.6387
3.0,2.0,19.0,0.661
3.0,2.0,20.0,0.67864
3.0,2.0,21.0,0.69507
3.0,2.0,22.0,0.70641
3.0,2.0,23.0,0.70966
3.0,2.0,24.0,0.70813
3.0,2.0,25.0,0.70619
3.0,2.0,26.0,0.69827
3.0,2.0,27.0,0.69277
3.0,2.0,28.0,0.69373
3.0,2.0,29.0,0.69987
3.0,2.0,30.0,0.70719
3.0,2.0,31.0,0.71509
3.0,2.0,32.0,0.71683
3.0,2.0,33.0,0.71708
3.0,2.0,34.0,0.71718
3.0,2.0,35.0,0.72179
3.0,2.0,36.0,0.72906
3.0,2.0,37.0,0.73774
3.0,2.0,38.0,0.74573
3.0,2.0,39.0,0.75139
3.0,2.0,40.0,0.75366
3.0,2.0,41.0,0.75318
3.0,2.0,42.0,0.75034
3.0,2.0,43.0,0.74569
3.0,2.0,44.0,0.7392
3.0,2.0,45.0,0.73155
3.0,2.0,46.0,0.72156
3.0,2.0,47.0,0.70634
3.0,2.0,48.0,0.68981
3.0,2.0,49.0,0.67335
3.0,2.0,50.0,0.65791
3.0,2.0,51.0,0.64051
3.0,2.0,52.0,0.61893
3.0,2.0,53.0,0.59338
3.0,2.0,54.0,0.56695
3.0,2.0,55.0,0.53775
3.0,2.0,56.0,0.50388
3.0,2.0,57.0,0.46839
3.0,2.0,58.0,0.43507
3.0,2.0,59.0,0.40781
3.0,2.0,60.0,0.38926
3.0,2.0,61.0,0.38005
3.0,2.0,62.0,0.37841
3.0,2.0,63.0,0.38305
3.0,2.0,64.0,0.39312
3.0,2.0,65.0,0.4065
3.0,2.0,66.0,0.42095
3.0,2.0,67.0,0.43835
3.0,2.0,68.0,0.45719
3.0,2.0,69.0,0.47584
3.0,2.0,70.0,0.4913
3.0,2.0,71.0,0.50214
3.0,2.0,72.0,0.51144
3.0,2.0,73.0,0.52017
3.0,2.0,74.0,0.5251
3.0,2.0,75.0,0.52342
3.0,2.0,76.0,0.51666
3.0,2.0,77.0,0.50928
3.0,2.0,78.0,0.50523
3.0,2.0,79.0,0.50471
3.0,2.0,80.0,0.50611
3.0,2.0,81.0,0.50815
3.0,2.0,82.0,0.51
3.0,2.0,83.0,0.51399
3.0,2.0,84.0,0.52057
3.0,2.0,85.0,0.52991
3.0,2.0,86.0,0.54578
3.0,2.0,87.0,0.56773
3.0,2.0,88.0,0.58998
3.0,2.0,89.0,0.60672
3.0,2.0,90.0,0.61533
3.0,2.0,91.0,0.61791
3.0,2.0,92.0,0.62011
3.0,2.0,93.0,0.62431
3.0,2.0,94.0,0.62098
3.0,2.0,95.0,0.59941
3.0,2.0,96.0,0.55154
3.0,2.0,97.0,0.48385
3.0,2.0,98.0,0.39456
3.0,2.0,99.0,0.2823
3.0,2.0,100.0,0.13305
4.0,2.0,1.0,0.2207
4.0,2.0,2.0,0.28982
4.0,2.0,3.0,0.34483
4.0,2.0,4.0,0.37835
4.0,2.0,5.0,0.40741
4.0,2.0,6.0,0.43816
4.0,2.0,7.0,0.46891
4.0,2.0,8.0,0.49731
4.0,2.0,9.0,0.5198
4.0,2.0,10.0,0.54039
4.0,2.0,11.0,0.56173
4.0,2.0,12.0,0.58483
4.0,2.0,13.0,0.6058
4.0,2.0,14.0,0.62127
4.0,2.0,15.0,0.63233
4.0,2.0,16.0,0.64411
4.0,2.0,17.0,0.66083
4.0,2.0,18.0,0.68117
4.0,2.0,19.0,0.70241
4.0,2.0,20.0,0.72166
4.0,2.0,21.0,0.73018
4.0,2.0,22.0,0.73318
4.0,2.0,23.0,0.73698
4.0,2.0,24.0,0.73813
4.0,2.0,25.0,0.73846
4.0,2.0,26.0,0.73689
4.0,2.0,27.0,0.73033
4.0,2.0,28.0,0.72562
4.0,2.0,29.0,0.72185
4.0,2.0,30.0,0.71983
4.0,2.0,31.0,0.71766
4.0,2.0,32.0,0.71375
4.0,2.0,33.0,0.70902
4.0,2.0,34.0,0.70606
4.0,2.0,35.0,0.70544
4.0,2.0,36.0,0.70456
4.0,2.0,37.0,0.70353
4.0,2.0,38.0,0.70184
4.0,2.0,39.0,0.69919
4.0,2.0,40.0,0.69589
4.0,2.0,41.0,0.69261
4.0,2.0,42.0,0.68906
4.0,2.0,43.0,0.68422
4.0,2.0,44.0,0.67729
4.0,2.0,45.0,0.66778
4.0,2.0,46.0,0.65688
4.0,2.0,47.0,0.64247
4.0,2.0,48.0,0.6228
4.0,2.0,49.0,0.60314
4.0,2.0,50.0,0.58802
4.0,2.0,51.0,0.57289
4.0,2.0,52.0,0.55616
4.0,2.0,53.0,0.54107
4.0,2.0,54.0,0.53177
4.0,2.0,55.0,0.52898
4.0,2.0,56.0,0.53295
4.0,2.0,57.0,0.53999
4.0,2.0,58.0,0.54292
4.0,2.0,59.0,0.53974
4.0,2.0,60.0,0.53279
4.0,2.0,61.0,0.52142
4.0,2.0,62.0,0.50428
4.0,2.0,63.0,0.4824
4.0,2.0,64.0,0.45919
4.0,2.0,65.0,0.4378
4.0,2.0,66.0,0.4198
4.0,2.0,67.0,0.40636
4.0,2.0,68.0,0.39991
4.0,2.0,69.0,0.40444
4.0,2.0,70.0,0.42028
4.0,2.0,71.0,0.44717
4.0,2.0,72.0,0.48017
4.0,2.0,73.0,0.51288
4.0,2.0,74.0,0.54014
4.0,2.0,75.0,0.55752
4.0,2.0,76.0,0.56176
4.0,2.0,77.0,0.5562
4.0,2.0,78.0,0.54877
4.0,2.0,79.0,0.54582
4.0,2.0,80.0,0.54823
4.0,2.0,81.0,0.55448
4.0,2.0,82.0,0.56076
4.0,2.0,83.0,0.56211
4.0,2.0,84.0,0.5552
4.0,2.0,85.0,0.54187
4.0,2.0,86.0,0.52701
4.0,2.0,87.0,0.53523
4.0,2.0,88.0,0.57036
4.0,2.0,89.0,0.61223
4.0,2.0,90.0,0.63976
4.0,2.0,91.0,0.6453
4.0,2.0,92.0,0.63633
4.0,2.0,93.0,0.61839
4.0,2.0,94.0,0.58938
4.0,2.0,95.0,0.5422
4.0,2.0,96.0,0.47856
4.0,2.0,97.0,0.40845
4.0,2.0,98.0,0.34399
4.0,2.0,99.0,0.27091
4.0,2.0,100.0,0.1411
5.0,2.0,1.0,0.17293
5.0,2.0,2.0,0.22422
5.0,2.0,3.0,0.2515
5.0,2.0,4.0,0.27895
5.0,2.0,5.0,0.3013
5.0,2.0,6.0,0.31965
5.0,2.0,7.0,0.34192
5.0,2.0,8.0,0.36207
5.0,2.0,9.0,0.37048
5.0,2.0,10.0,0.37892
5.0,2.0,11.0,0.39445
5.0,2.0,12.0,0.40935
5.0,2.0,13.0,0.42295
5.0,2.0,14.0,0.4316
5.0,2.0,15.0,0.42903
5.0,2.0,16.0,0.41909
5.0,2.0,17.0,0.40914
5.0,2.0,18.0,0.4121
5.0,2.0,19.0,0.42055
5.0,2.0,20.0,0.4346
5.0,2.0,21.0,0.45193
5.0,2.0,22.0,0.46398
5.0,2.0,23.0,0.46894
5.0,2.0,24.0,0.47152
5.0,2.0,25.0,0.47685
5.0,2.0,26.0,0.48039
5.0,2.0,27.0,0.48327
5.0,2.0,28.0,0.48849
5.0,2.0,29.0,0.49813
5.0,2.0,30.0,0.51164
5.0,2.0,31.0,0.52756
5.0,2.0,32.0,0.54114
5.0,2.0,33.0,0.54964
5.0,2.0,34.0,0.55386
5.0,2.0,35.0,0.5584
5.0,2.0,36.0,0.56205
5.0,2.0,37.0,0.56511
5.0,2.0,38.0,0.56965
5.0,2.0,39.0,0.57628
5.0,2.0,40.0,0.58308
5.0,2.0,41.0,0.59133
5.0,2.0,42.0,0.60054
5.0,2.0,43.0,0.60762
5.0,2.0,44.0,0.61028
5.0,2.0,45.0,0.61391
5.0,2.0,46.0,0.61726
5.0,2.0,47.0,0.62081
5.0,2.0,48.0,0.6214
5.0,2.0,49.0,0.61759
5.0,2.0,50.0,0.61288
5.0,2.0,51.0,0.6097
5.0,2.0,52.0,0.61316
5.0,2.0,53.0,0.61909
5.0,2.0,54.0,0.62097
5.0,2.0,55.0,0.61884
5.0,2.0,56.0,0.61369
5.0,2.0,57.0,0.60939
5.0,2.0,58.0,0.60222
5.0,2.0,59.0,0.59269
5.0,2.0,60.0,0.58687
5.0,2.0,61.0,0.58215
5.0,2.0,62.0,0.57586
5.0,2.0,63.0,0.57124
5.0,2.0,64.0,0.56417
5.0,2.0,65.0,0.55834
5.0,2.0,66.0,0.5573
5.0,2.0,67.0,0.5548
5.0,2.0,68.0,0.55328
5.0,2.0,69.0,0.54927
5.0,2.0,70.0,0.54182
5.0,2.0,71.0,0.53601
5.0,2.0,72.0,0.52907
5.0,2.0,73.0,0.52206
5.0,2.0,74.0,0.51775
5.0,2.0,75.0,0.51254
5.0,2.0,76.0,0.50496
5.0,2.0,77.0,0.49955
5.0,2.0,78.0,0.49553
5.0,2.0,79.0,0.49142
5.0,2.0,80.0,0.48372
5.0,2.0,81.0,0.48326
5.0,2.0,82.0,0.48451
5.0,2.0,83.0,0.48663
5.0,2.0,84.0,0.48153
5.0,2.0,85.0,0.47286
5.0,2.0,86.0,0.45866
5.0,2.0,87.0,0.44293
5.0,2.0,88.0,0.42424
5.0,2.0,89.0,0.40275
5.0,2.0,90.0,0.38153
5.0,2.0,91.0,0.36655
5.0,2.0,92.0,0.36855
5.0,2.0,93.0,0.37684
5.0,2.0,94.0,0.37881
5.0,2.0,95.0,0.3667
5.0,2.0,96.0,0.3493
5.0,2.0,97.0,0.32034
5.0,2.0,98.0,0.27609
5.0,2.0,99.0,0.23075
5.0,2.0,100.0,0.18218
6.0,2.0,1.0,0.18096
6.0,2.0,2.0,0.23442
6.0,2.0,3.0,0.31071
6.0,2.0,4.0,0.38105
6.0,2.0,5.0,0.40041
6.0,2.0,6.0,0.37386
6.0,2.0,7.0,0.3418
6.0,2.0,8.0,0.34257
6.0,2.0,9.0,0.3755
6.0,2.0,10.0,0.40093
6.0,2.0,11.0,0.39994
6.0,2.0,12.0,0.39407
6.0,2.0,13.0,0.39631
6.0,2.0,14.0,0.40375
6.0,2.0,15.0,0.4231
6.0,2.0,16.0,0.44475
6.0,2.0,17.0,0.46492
6.0,2.0,18.0,0.47696
6.0,2.0,19.0,0.48356
6.0,2.0,20.0,0.47782
6.0,2.0,21.0,0.47233
6.0,2.0,22.0,0.46542
6.0,2.0,23.0,0.45672
6.0,2.0,24.0,0.4507
6.0,2.0,25.0,0.44619
6.0,2.0,26.0,0.44651
6.0,2.0,27.0,0.44931
6.0,2.0,28.0,0.45427
6.0,2.0,29.0,0.45486
6.0,2.0,30.0,0.45424
6.0,2.0,31.0,0.45146
6.0,2.0,32.0,0.44381
6.0,2.0,33.0,0.442
6.0,2.0,34.0,0.45162
6.0,2.0,35.0,0.46289
6.0,2.0,36.0,0.46821
6.0,2.0,37.0,0.4685
6.0,2.0,38.0,0.47262
6.0,2.0,39.0,0.48459
6.0,2.0,40.0,0.50104
6.0,2.0,41.0,0.518
6.0,2.0,42.0,0.5314
6.0,2.0,43.0,0.5392
6.0,2.0,44.0,0.546
6.0,2.0,45.0,0.5519
6.0,2.0,46.0,0.55659
6.0,2.0,47.0,0.56001
6.0,2.0,48.0,0.56182
6.0,2.0,49.0,0.56268
6.0,2.0,50.0,0.56091
6.0,2.0,51.0,0.55679
6.0,2.0,52.0,0.54939
6.0,2.0,53.0,0.54044
6.0,2.0,54.0,0.53196
6.0,2.0,55.0,0.52523
6.0,2.0,56.0,0.52149
6.0,2.0,57.0,0.51643
6.0,2.0,58.0,0.50567
6.0,2.0,59.0,0.49186
6.0,2.0,60.0,0.48145
6.0,2.0,61.0,0.4706
6.0,2.0,62.0,0.46244
6.0,2.0,63.0,0.45754
6.0,2.0,64.0,0.45768
6.0,2.0,65.0,0.45443
6.0,2.0,66.0,0.44656
6.0,2.0,67.0,0.43302
6.0,2.0,68.0,0.42426
6.0,2.0,69.0,0.42211
6.0,2.0,70.0,0.41812
6.0,2.0,71.0,0.41891
6.0,2.0,72.0,0.41315
6.0,2.0,73.0,0.41158
6.0,2.0,74.0,0.41543
6.0,2.0,75.0,0.42328
6.0,2.0,76.0,0.43089
6.0,2.0,77.0,0.43256
6.0,2.0,78.0,0.43462
6.0,2.0,79.0,0.44133
6.0,2.0,80.0,0.43727
6.0,2.0,81.0,0.44316
6.0,2.0,82.0,0.44596
6.0,2.0,83.0,0.45111
6.0,2.0,84.0,0.45251
6.0,2.0,85.0,0.45236
6.0,2.0,86.0,0.44987
6.0,2.0,87.0,0.44198
6.0,2.0,88.0,0.43346
6.0,2.0,89.0,0.41901
6.0,2.0,90.0,0.40898
6.0,2.0,91.0,0.39715
6.0,2.0,92.0,0.38534
6.0,2.0,93.0,0.36566
6.0,2.0,94.0,0.34716
6.0,2.0,95.0,0.32998
6.0,2.0,96.0,0.30831
6.0,2.0,97.0,0.29071
6.0,2.0,98.0,0.26315
6.0,2.0,99.0,0.22491
6.0,2.0,100.0,0.18256
7.0,2.0,1.0,0.21547
7.0,2.0,2.0,0.24388
7.0,2.0,3.0,0.27921
7.0,2.0,4.0,0.32014
7.0,2.0,5.0,0.35251
7.0,2.0,6.0,0.37999
7.0,2.0,7.0,0.40296
7.0,2.0,8.0,0.41369
7.0,2.0,9.0,0.41663
7.0,2.0,10.0,0.41574
7.0,2.0,11.0,0.41238
7.0,2.0,12.0,0.40858
7.0,2.0,13.0,0.40474
7.0,2.0,14.0,0.40545
7.0,2.0,15.0,0.41473
7.0,2.0,16.0,0.42439
7.0,2.0,17.0,0.43113
7.0,2.0,18.0,0.43585
7.0,2.0,19.0,0.43717
7.0,2.0,20.0,0.43351
7.0,2.0,21.0,0.43112
7.0,2.0,22.0,0.42817
7.0,2.0,23.0,0.42522
7.0,2.0,24.0,0.42352
7.0,2.0,25.0,0.42475
7.0,2.0,26.0,0.43258
7.0,2.0,27.0,0.43543
7.0,2.0,28.0,0.43604
7.0,2.0,29.0,0.43876
7.0,2.0,30.0,0.43606
7.0,2.0,31.0,0.43052
7.0,2.0,32.0,0.43216
7.0,2.0,33.0,0.43722
7.0,2.0,34.0,0.43938
7.0,2.0,35.0,0.45095
7.0,2.0,36.0,0.4609
7.0,2.0,37.0,0.47028
7.0,2.0,38.0,0.47947
7.0,2.0,39.0,0.48271
7.0,2.0,40.0,0.49101
7.0,2.0,41.0,0.49748
7.0,2.0,42.0,0.49512
7.0,2.0,43.0,0.49559
7.0,2.0,44.0,0.49604
7.0,2.0,45.0,0.49299
7.0,2.0,46.0,0.4926
7.0,2.0,47.0,0.49178
7.0,2.0,48.0,0.48417
7.0,2.0,49.0,0.47818
7.0,2.0,50.0,0.46979
7.0,2.0,51.0,0.45947
7.0,2.0,52.0,0.45054
7.0,2.0,53.0,0.44101
7.0,2.0,54.0,0.43686
7.0,2.0,55.0,0.4313
7.0,2.0,56.0,0.43311
7.0,2.0,57.0,0.44056
7.0,2.0,58.0,0.43814
7.0,2.0,59.0,0.43686
7.0,2.0,60.0,0.43372
7.0,2.0,61.0,0.42731
7.0,2.0,62.0,0.42031
7.0,2.0,63.0,0.41545
7.0,2.0,64.0,0.4091
7.0,2.0,65.0,0.4036
7.0,2.0,66.0,0.39961
7.0,2.0,67.0,0.39772
7.0,2.0,68.0,0.39604
7.0,2.0,69.0,0.39088
7.0,2.0,70.0,0.38667
7.0,2.0,71.0,0.3783
7.0,2.0,72.0,0.36789
7.0,2.0,73.0,0.35973
7.0,2.0,74.0,0.35385
7.0,2.0,75.0,0.34564
7.0,2.0,76.0,0.33811
7.0,2.0,77.0,0.33073
7.0,2.0,78.0,0.32489
7.0,2.0,79.0,0.31964
7.0,2.0,80.0,0.31697
7.0,2.0,81.0,0.31388
7.0,2.0,82.0,0.30973
7.0,2.0,83.0,0.30633
7.0,2.0,84.0,0.30264
7.0,2.0,85.0,0.2993
7.0,2.0,86.0,0.29805
7.0,2.0,87.0,0.29618
7.0,2.0,88.0,0.29378
7.0,2.0,89.0,0.29009
7.0,2.0,90.0,0.29013
7.0,2.0,91.0,0.28821
7.0,2.0,92.0,0.28223
7.0,2.0,93.0,0.27375
7.0,2.0,94.0,0.26727
7.0,2.0,95.0,0.25919
7.0,2.0,96.0,0.24784
7.0,2.0,97.0,0.23617
7.0,2.0,98.0,0.22363
7.0,2.0,99.0,0.20599
7.0,2.0,100.0,0.18839
8.0,2.0,1.0,0.25218
8.0,2.0,2.0,0.27337
8.0,2.0,3.0,0.3044
8.0,2.0,4.0,0.33972
8.0,2.0,5.0,0.36416
8.0,2.0,6.0,0.3767
8.0,2.0,7.0,0.38723
8.0,2.0,8.0,0.39349
8.0,2.0,9.0,0.40295
8.0,2.0,10.0,0.41246
8.0,2.0,11.0,0.41616
8.0,2.0,12.0,0.42107
8.0,2.0,13.0,0.42484
8.0,2.0,14.0,0.43222
8.0,2.0,15.0,0.43246
8.0,2.0,16.0,0.43728
8.0,2.0,17.0,0.44387
8.0,2.0,18.0,0.4494
8.0,2.0,19.0,0.45373
8.0,2.0,20.0,0.45621
8.0,2.0,21.0,0.45532
8.0,2.0,22.0,0.44957
8.0,2.0,23.0,0.44766
8.0,2.0,24.0,0.44846
8.0,2.0,25.0,0.44549
8.0,2.0,26.0,0.44726
8.0,2.0,27.0,0.45304
8.0,2.0,28.0,0.46102
8.0,2.0,29.0,0.46732
8.0,2.0,30.0,0.47691
8.0,2.0,31.0,0.4847
8.0,2.0,32.0,0.4892
8.0,2.0,33.0,0.49455
8.0,2.0,34.0,0.5014
8.0,2.0,35.0,0.50187
8.0,2.0,36.0,0.50675
8.0,2.0,37.0,0.5145
8.0,2.0,38.0,0.5162
8.0,2.0,39.0,0.52579
8.0,2.0,40.0,0.53399
8.0,2.0,41.0,0.5336
8.0,2.0,42.0,0.536
8.0,2.0,43.0,0.53735
8.0,2.0,44.0,0.53779
8.0,2.0,45.0,0.54068
8.0,2.0,46.0,0.54241
8.0,2.0,47.0,0.54225
8.0,2.0,48.0,0.54868
8.0,2.0,49.0,0.54497
8.0,2.0,50.0,0.53806
8.0,2.0,51.0,0.53341
8.0,2.0,52.0,0.53439
8.0,2.0,53.0,0.53927
8.0,2.0,54.0,0.54407
8.0,2.0,55.0,0.54854
8.0,2.0,56.0,0.55075
8.0,2.0,57.0,0.55396
8.0,2.0,58.0,0.55484
8.0,2.0,59.0,0.55224
8.0,2.0,60.0,0.54697
8.0,2.0,61.0,0.54209
8.0,2.0,62.0,0.53468
8.0,2.0,63.0,0.52922
8.0,2.0,64.0,0.52479
8.0,2.0,65.0,0.51943
8.0,2.0,66.0,0.51698
8.0,2.0,67.0,0.51254
8.0,2.0,68.0,0.50651
8.0,2.0,69.0,0.50325
8.0,2.0,70.0,0.49376
8.0,2.0,71.0,0.48231
8.0,2.0,72.0,0.47816
8.0,2.0,73.0,0.4678
8.0,2.0,74.0,0.458
8.0,2.0,75.0,0.44775
8.0,2.0,76.0,0.43709
8.0,2.0,77.0,0.42445
8.0,2.0,78.0,0.41322
8.0,2.0,79.0,0.40741
8.0,2.0,80.0,0.4047
8.0,2.0,81.0,0.40048
8.0,2.0,82.0,0.39478
8.0,2.0,83.0,0.38335
8.0,2.0,84.0,0.37143
8.0,2.0,85.0,0.36317
8.0,2.0,86.0,0.35256
8.0,2.0,87.0,0.34093
8.0,2.0,88.0,0.32793
8.0,2.0,89.0,0.31641
8.0,2.0,90.0,0.30887
8.0,2.0,91.0,0.30263
8.0,2.0,92.0,0.29381
8.0,2.0,93.0,0.28281
8.0,2.0,94.0,0.2736
8.0,2.0,95.0,0.26835
8.0,2.0,96.0,0.26147
8.0,2.0,97.0,0.2495
8.0,2.0,98.0,0.23376
8.0,2.0,99.0,0.20943
8.0,2.0,100.0,0.18478
9.0,2.0,1.0,0.26046
9.0,2.0,2.0,0.34161
9.0,2.0,3.0,0.40328
9.0,2.0,4.0,0.44333
9.0,2.0,5.0,0.46447
9.0,2.0,6.0,0.4609
9.0,2.0,7.0,0.43787
9.0,2.0,8.0,0.43549
9.0,2.0,9.0,0.44013
9.0,2.0,10.0,0.44092
9.0,2.0,11.0,0.46585
9.0,2.0,12.0,0.48461
9.0,2.0,13.0,0.49276
9.0,2.0,14.0,0.50453
9.0,2.0,15.0,0.50779
9.0,2.0,16.0,0.51503
9.0,2.0,17.0,0.52597
9.0,2.0,18.0,0.53626
9.0,2.0,19.0,0.54479
9.0,2.0,20.0,0.54831
9.0,2.0,21.0,0.56435
9.0,2.0,22.0,0.58118
9.0,2.0,23.0,0.6023
9.0,2.0,24.0,0.62744
9.0,2.0,25.0,0.64989
9.0,2.0,26.0,0.67303
9.0,2.0,27.0,0.69345
9.0,2.0,28.0,0.71121
9.0,2.0,29.0,0.72349
9.0,2.0,30.0,0.72753
9.0,2.0,31.0,0.72502
9.0,2.0,32.0,0.71967
9.0,2.0,33.0,0.7153
9.0,2.0,34.0,0.7139
9.0,2.0,35.0,0.71696
9.0,2.0,36.0,0.71731
9.0,2.0,37.0,0.71653
9.0,2.0,38.0,0.72444
9.0,2.0,39.0,0.73386
9.0,2.0,40.0,0.76239
9.0,2.0,41.0,0.80868
9.0,2.0,42.0,0.84964
9.0,2.0,43.0,0.8809
9.0,2.0,44.0,0.8964
9.0,2.0,45.0,0.8891
9.0,2.0,46.0,0.88386
9.0,2.0,47.0,0.89465
9.0,2.0,48.0,0.91203
9.0,2.0,49.0,0.92545
9.0,2.0,50.0,0.9247
9.0,2.0,51.0,0.90926
9.0,2.0,52.0,0.87847
9.0,2.0,53.0,0.83889
9.0,2.0,54.0,0.80831
9.0,2.0,55.0,0.79429
9.0,2.0,56.0,0.78946
9.0,2.0,57.0,0.7815
9.0,2.0,58.0,0.76238
9.0,2.0,59.0,0.73731
9.0,2.0,60.0,0.7176
9.0,2.0,61.0,0.70393
9.0,2.0,62.0,0.69466
9.0,2.0,63.0,0.68548
9.0,2.0,64.0,0.67401
9.0,2.0,65.0,0.6713
9.0,2.0,66.0,0.68732
9.0,2.0,67.0,0.70911
9.0,2.0,68.0,0.73155
9.0,2.0,69.0,0.73957
9.0,2.0,70.0,0.73698
9.0,2.0,71.0,0.73282
9.0,2.0,72.0,0.71643
9.0,2.0,73.0,0.69263
9.0,2.0,74.0,0.66685
9.0,2.0,75.0,0.63822
9.0,2.0,76.0,0.60469
9.0,2.0,77.0,0.56244
9.0,2.0,78.0,0.51876
9.0,2.0,79.0,0.48587
9.0,2.0,80.0,0.46477
9.0,2.0,81.0,0.45667
9.0,2.0,82.0,0.45318
9.0,2.0,83.0,0.45747
9.0,2.0,84.0,0.46729
9.0,2.0,85.0,0.48387
9.0,2.0,86.0,0.51307
9.0,2.0,87.0,0.55265
9.0,2.0,88.0,0.56775
9.0,2.0,89.0,0.55383
9.0,2.0,90.0,0.51218
9.0,2.0,91.0,0.44997
9.0,2.0,92.0,0.41266
9.0,2.0,93.0,0.47121
9.0,2.0,94.0,0.54179
9.0,2.0,95.0,0.5391
9.0,2.0,96.0,0.52614
9.0,2.0,97.0,0.48743
9.0,2.0,98.0,0.42122
9.0,2.0,99.0,0.30103
9.0,2.0,100.0,0.19442
10.0,2.0,1.0,0.23917
10.0,2.0,2.0,0.2837
10.0,2.0,3.0,0.32311
10.0,2.0,4.0,0.35726
10.0,2.0,5.0,0.38604
10.0,2.0,6.0,0.40683
10.0,2.0,7.0,0.42835
10.0,2.0,8.0,0.44783
10.0,2.0,9.0,0.46169
10.0,2.0,10.0,0.46903
10.0,2.0,11.0,0.47932
10.0,2.0,12.0,0.49274
10.0,2.0,13.0,0.50578
10.0,2.0,14.0,0.51412
10.0,2.0,15.0,0.52028
10.0,2.0,16.0,0.52627
10.0,2.0,17.0,0.53197
10.0,2.0,18.0,0.53872
10.0,2.0,19.0,0.54533
10.0,2.0,20.0,0.55059
10.0,2.0,21.0,0.55534
10.0,2.0,22.0,0.55907
10.0,2.0,23.0,0.56029
10.0,2.0,24.0,0.55757
10.0,2.0,25.0,0.5514
10.0,2.0,26.0,0.54245
10.0,2.0,27.0,0.53247
10.0,2.0,28.0,0.52443
10.0,2.0,29.0,0.51779
10.0,2.0,30.0,0.51237
10.0,2.0,31.0,0.51039
10.0,2.0,32.0,0.51183
10.0,2.0,33.0,0.51804
10.0,2.0,34.0,0.52782
10.0,2.0,35.0,0.54333
10.0,2.0,36.0,0.56392
10.0,2.0,37.0,0.58397
10.0,2.0,38.0,0.61005
10.0,2.0,39.0,0.63793
10.0,2.0,40.0,0.66566
10.0,2.0,41.0,0.69466
10.0,2.0,42.0,0.71824
10.0,2.0,43.0,0.73964
10.0,2.0,44.0,0.76095
10.0,2.0,45.0,0.7755
10.0,2.0,46.0,0.78024
10.0,2.0,47.0,0.77712
10.0,2.0,48.0,0.76851
10.0,2.0,49.0,0.75713
10.0,2.0,50.0,0.74636
10.0,2.0,51.0,0.74352
10.0,2.0,52.0,0.74762
10.0,2.0,53.0,0.7519
10.0,2.0,54.0,0.75435
10.0,2.0,55.0,0.75418
10.0,2.0,56.0,0.75206
10.0,2.0,57.0,0.74403
10.0,2.0,58.0,0.73179
10.0,2.0,59.0,0.71607
10.0,2.0,60.0,0.69644
10.0,2.0,61.0,0.67226
10.0,2.0,62.0,0.64123
10.0,2.0,63.0,0.60469
10.0,2.0,64.0,0.57266
10.0,2.0,65.0,0.54859
10.0,2.0,66.0,0.52826
10.0,2.0,67.0,0.50356
10.0,2.0,68.0,0.47649
10.0,2.0,69.0,0.45165
10.0,2.0,70.0,0.43545
10.0,2.0,71.0,0.42621
10.0,2.0,72.0,0.41734
10.0,2.0,73.0,0.41142
10.0,2.0,74.0,0.40917
10.0,2.0,75.0,0.41711
10.0,2.0,76.0,0.43248
10.0,2.0,77.0,0.45323
10.0,2.0,78.0,0.47556
10.0,2.0,79.0,0.49439
10.0,2.0,80.0,0.50518
10.0,2.0,81.0,0.51027
10.0,2.0,82.0,0.5106
10.0,2.0,83.0,0.5063
10.0,2.0,84.0,0.49817
10.0,2.0,85.0,0.49134
10.0,2.0,86.0,0.48347
10.0,2.0,87.0,0.47564
10.0,2.0,88.0,0.46413
10.0,2.0,89.0,0.44806
10.0,2.0,90.0,0.42818
10.0,2.0,91.0,0.41402
10.0,2.0,92.0,0.41215
10.0,2.0,93.0,0.41486
10.0,2.0,94.0,0.40995
10.0,2.0,95.0,0.39208
10.0,2.0,96.0,0.36768
10.0,2.0,97.0,0.33995
10.0,2.0,98.0,0.30458
10.0,2.0,99.0,0.25374
10.0,2.0,100.0,0.20569
11.0,2.0,1.0,0.28377
11.0,2.0,2.0,0.34865
11.0,2.0,3.0,0.38915
11.0,2.0,4.0,0.41102
11.0,2.0,5.0,0.43596
11.0,2.0,6.0,0.46262
11.0,2.0,7.0,0.4898
11.0,2.0,8.0,0.49145
11.0,2.0,9.0,0.48181
11.0,2.0,10.0,0.49645
11.0,2.0,11.0,0.51449
11.0,2.0,12.0,0.53413
11.0,2.0,13.0,0.55752
11.0,2.0,14.0,0.57917
11.0,2.0,15.0,0.59486
11.0,2.0,16.0,0.60748
11.0,2.0,17.0,0.62001
11.0,2.0,18.0,0.63548
11.0,2.0,19.0,0.6531
11.0,2.0,20.0,0.66669
11.0,2.0,21.0,0.67752
11.0,2.0,22.0,0.68552
11.0,2.0,23.0,0.69056
11.0,2.0,24.0,0.69533
11.0,2.0,25.0,0.70054
11.0,2.0,26.0,0.7035
11.0,2.0,27.0,0.70301
11.0,2.0,28.0,0.70522
11.0,2.0,29.0,0.70895
11.0,2.0,30.0,0.71723
11.0,2.0,31.0,0.72648
11.0,2.0,32.0,0.73372
11.0,2.0,33.0,0.73846
11.0,2.0,34.0,0.73642
11.0,2.0,35.0,0.73041
11.0,2.0,36.0,0.728
11.0,2.0,37.0,0.72985
11.0,2.0,38.0,0.73041
11.0,2.0,39.0,0.73024
11.0,2.0,40.0,0.73239
11.0,2.0,41.0,0.73191
11.0,2.0,42.0,0.72912
11.0,2.0,43.0,0.72448
11.0,2.0,44.0,0.71605
11.0,2.0,45.0,0.70317
11.0,2.0,46.0,0.68832
11.0,2.0,47.0,0.67331
11.0,2.0,48.0,0.65384
11.0,2.0,49.0,0.63464
11.0,2.0,50.0,0.61835
11.0,2.0,51.0,0.60672
11.0,2.0,52.0,0.59683
11.0,2.0,53.0,0.58923
11.0,2.0,54.0,0.58875
11.0,2.0,55.0,0.59263
11.0,2.0,56.0,0.59549
11.0,2.0,57.0,0.59837
11.0,2.0,58.0,0.60434
11.0,2.0,59.0,0.61102
11.0,2.0,60.0,0.61746
11.0,2.0,61.0,0.62165
11.0,2.0,62.0,0.6181
11.0,2.0,63.0,0.60661
11.0,2.0,64.0,0.59152
11.0,2.0,65.0,0.57948
11.0,2.0,66.0,0.57307
11.0,2.0,67.0,0.5749
11.0,2.0,68.0,0.581
11.0,2.0,69.0,0.59215
11.0,2.0,70.0,0.59664
11.0,2.0,71.0,0.59589
11.0,2.0,72.0,0.58366
11.0,2.0,73.0,0.56055
11.0,2.0,74.0,0.53321
11.0,2.0,75.0,0.50609
11.0,2.0,76.0,0.47976
11.0,2.0,77.0,0.45358
11.0,2.0,78.0,0.43439
11.0,2.0,79.0,0.41648
11.0,2.0,80.0,0.40541
11.0,2.0,81.0,0.41178
11.0,2.0,82.0,0.42337
11.0,2.0,83.0,0.4373
11.0,2.0,84.0,0.44291
11.0,2.0,85.0,0.43941
11.0,2.0,86.0,0.43222
11.0,2.0,87.0,0.42448
11.0,2.0,88.0,0.42253
11.0,2.0,89.0,0.42867
11.0,2.0,90.0,0.43426
11.0,2.0,91.0,0.43717
11.0,2.0,92.0,0.43906
11.0,2.0,93.0,0.43936
11.0,2.0,94.0,0.42668
11.0,2.0,95.0,0.39286
11.0,2.0,96.0,0.34441
11.0,2.0,97.0,0.3003
11.0,2.0,98.0,0.26464
11.0,2.0,99.0,0.23807
11.0,2.0,100.0,0.19669
12.0,2.0,1.0,0.2295
12.0,2.0,2.0,0.3348
12.0,2.0,3.0,0.43138
12.0,2.0,4.0,0.43392
12.0,2.0,5.0,0.42131
12.0,2.0,6.0,0.44209
12.0,2.0,7.0,0.45844
12.0,2.0,8.0,0.4609
12.0,2.0,9.0,0.46684
12.0,2.0,10.0,0.4792
12.0,2.0,11.0,0.47688
12.0,2.0,12.0,0.46456
12.0,2.0,13.0,0.45694
12.0,2.0,14.0,0.46358
12.0,2.0,15.0,0.48524
12.0,2.0,16.0,0.51137
12.0,2.0,17.0,0.53069
12.0,2.0,18.0,0.54286
12.0,2.0,19.0,0.54964
12.0,2.0,20.0,0.55994
12.0,2.0,21.0,0.57421
12.0,2.0,22.0,0.58998
12.0,2.0,23.0,0.60514
12.0,2.0,24.0,0.61737
12.0,2.0,25.0,0.62937
12.0,2.0,26.0,0.63767
12.0,2.0,27.0,0.64048
12.0,2.0,28.0,0.64017
12.0,2.0,29.0,0.63982
12.0,2.0,30.0,0.63573
12.0,2.0,31.0,0.62702
12.0,2.0,32.0,0.61979
12.0,2.0,33.0,0.60638
12.0,2.0,34.0,0.59525
12.0,2.0,35.0,0.58337
12.0,2.0,36.0,0.57694
12.0,2.0,37.0,0.58319
12.0,2.0,38.0,0.59307
12.0,2.0,39.0,0.5972
12.0,2.0,40.0,0.60426
12.0,2.0,41.0,0.61749
12.0,2.0,42.0,0.62953
12.0,2.0,43.0,0.63602
12.0,2.0,44.0,0.63399
12.0,2.0,45.0,0.61808
12.0,2.0,46.0,0.59975
12.0,2.0,47.0,0.58394
12.0,2.0,48.0,0.56959
12.0,2.0,49.0,0.55331
12.0,2.0,50.0,0.5378
12.0,2.0,51.0,0.53109
12.0,2.0,52.0,0.52775
12.0,2.0,53.0,0.52524
12.0,2.0,54.0,0.52084
12.0,2.0,55.0,0.51256
12.0,2.0,56.0,0.50543
12.0,2.0,57.0,0.49615
12.0,2.0,58.0,0.48757
12.0,2.0,59.0,0.4802
12.0,2.0,60.0,0.4725
12.0,2.0,61.0,0.46291
12.0,2.0,62.0,0.46016
12.0,2.0,63.0,0.46602
12.0,2.0,64.0,0.46938
12.0,2.0,65.0,0.47559
12.0,2.0,66.0,0.4814
12.0,2.0,67.0,0.4855
12.0,2.0,68.0,0.48613
12.0,2.0,69.0,0.47771
12.0,2.0,70.0,0.464
12.0,2.0,71.0,0.46369
12.0,2.0,72.0,0.46817
12.0,2.0,73.0,0.47929
12.0,2.0,74.0,0.49077
12.0,2.0,75.0,0.49773
12.0,2.0,76.0,0.49314
12.0,2.0,77.0,0.48383
12.0,2.0,78.0,0.47253
12.0,2.0,79.0,0.45644
12.0,2.0,80.0,0.45185
12.0,2.0,81.0,0.45674
12.0,2.0,82.0,0.45517
12.0,2.0,83.0,0.45453
12.0,2.0,84.0,0.47094
12.0,2.0,85.0,0.48427
12.0,2.0,86.0,0.47719
12.0,2.0,87.0,0.45301
12.0,2.0,88.0,0.41708
12.0,2.0,89.0,0.38751
12.0,2.0,90.0,0.38743
12.0,2.0,91.0,0.41752
12.0,2.0,92.0,0.45339
12.0,2.0,93.0,0.46184
12.0,2.0,94.0,0.4392
12.0,2.0,95.0,0.42023
12.0,2.0,96.0,0.40324
12.0,2.0,97.0,0.37962
12.0,2.0,98.0,0.34612
12.0,2.0,99.0,0.30682
12.0,2.0,100.0,0.27072
13.0,2.0,1.0,0.18031
13.0,2.0,2.0,0.28672
13.0,2.0,3.0,0.37413
13.0,2.0,4.0,0.41734
13.0,2.0,5.0,0.43973
13.0,2.0,6.0,0.46262
13.0,2.0,7.0,0.48825
13.0,2.0,8.0,0.51207
13.0,2.0,9.0,0.5227
13.0,2.0,10.0,0.5215
13.0,2.0,11.0,0.5138
13.0,2.0,12.0,0.51619
13.0,2.0,13.0,0.52267
13.0,2.0,14.0,0.5323
13.0,2.0,15.0,0.53683
13.0,2.0,16.0,0.53418
13.0,2.0,17.0,0.53538
13.0,2.0,18.0,0.53829
13.0,2.0,19.0,0.54241
13.0,2.0,20.0,0.55506
13.0,2.0,21.0,0.57469
13.0,2.0,22.0,0.59778
13.0,2.0,23.0,0.61992
13.0,2.0,24.0,0.63791
13.0,2.0,25.0,0.65509
13.0,2.0,26.0,0.66946
13.0,2.0,27.0,0.68362
13.0,2.0,28.0,0.69393
13.0,2.0,29.0,0.70268
13.0,2.0,30.0,0.70407
13.0,2.0,31.0,0.69789
13.0,2.0,32.0,0.69099
13.0,2.0,33.0,0.6881
13.0,2.0,34.0,0.69065
13.0,2.0,35.0,0.69063
13.0,2.0,36.0,0.68895
13.0,2.0,37.0,0.69279
13.0,2.0,38.0,0.70181
13.0,2.0,39.0,0.71411
13.0,2.0,40.0,0.72286
13.0,2.0,41.0,0.72649
13.0,2.0,42.0,0.72904
13.0,2.0,43.0,0.73066
13.0,2.0,44.0,0.73194
13.0,2.0,45.0,0.73466
13.0,2.0,46.0,0.73424
13.0,2.0,47.0,0.7324
13.0,2.0,48.0,0.73082
13.0,2.0,49.0,0.72484
13.0,2.0,50.0,0.7225
13.0,2.0,51.0,0.72205
13.0,2.0,52.0,0.71591
13.0,2.0,53.0,0.70866
13.0,2.0,54.0,0.69685
13.0,2.0,55.0,0.67576
13.0,2.0,56.0,0.65771
13.0,2.0,57.0,0.64114
13.0,2.0,58.0,0.62135
13.0,2.0,59.0,0.59621
13.0,2.0,60.0,0.56653
13.0,2.0,61.0,0.54337
13.0,2.0,62.0,0.53009
13.0,2.0,63.0,0.51984
13.0,2.0,64.0,0.50743
13.0,2.0,65.0,0.48793
13.0,2.0,66.0,0.46816
13.0,2.0,67.0,0.45849
13.0,2.0,68.0,0.45055
13.0,2.0,69.0,0.43285
13.0,2.0,70.0,0.40786
13.0,2.0,71.0,0.38556
13.0,2.0,72.0,0.36922
13.0,2.0,73.0,0.35515
13.0,2.0,74.0,0.34542
13.0,2.0,75.0,0.34468
13.0,2.0,76.0,0.3494
13.0,2.0,77.0,0.35706
13.0,2.0,78.0,0.36584
13.0,2.0,79.0,0.3773
13.0,2.0,80.0,0.38934
13.0,2.0,81.0,0.40082
13.0,2.0,82.0,0.40756
13.0,2.0,83.0,0.40466
13.0,2.0,84.0,0.39962
13.0,2.0,85.0,0.39704
13.0,2.0,86.0,0.38829
13.0,2.0,87.0,0.37882
13.0,2.0,88.0,0.37169
13.0,2.0,89.0,0.36068
13.0,2.0,90.0,0.34314
13.0,2.0,91.0,0.3273
13.0,2.0,92.0,0.32528
13.0,2.0,93.0,0.32574
13.0,2.0,94.0,0.32091
13.0,2.0,95.0,0.3023
13.0,2.0,96.0,0.28717
13.0,2.0,97.0,0.28852
13.0,2.0,98.0,0.28137
13.0,2.0,99.0,0.24391
13.0,2.0,100.0,0.17663
14.0,2.0,1.0,0.22528
14.0,2.0,2.0,0.27606
14.0,2.0,3.0,0.32257
14.0,2.0,4.0,0.34891
14.0,2.0,5.0,0.36156
14.0,2.0,6.0,0.387
14.0,2.0,7.0,0.4197
14.0,2.0,8.0,0.44259
14.0,2.0,9.0,0.45526
14.0,2.0,10.0,0.46698
14.0,2.0,11.0,0.4803
14.0,2.0,12.0,0.48961
14.0,2.0,13.0,0.4982
14.0,2.0,14.0,0.49869
14.0,2.0,15.0,0.48281
14.0,2.0,16.0,0.45124
14.0,2.0,17.0,0.42374
14.0,2.0,18.0,0.41837
14.0,2.0,19.0,0.42724
14.0,2.0,20.0,0.44139
14.0,2.0,21.0,0.45539
14.0,2.0,22.0,0.46802
14.0,2.0,23.0,0.47678
14.0,2.0,24.0,0.48645
14.0,2.0,25.0,0.49853
14.0,2.0,26.0,0.50141
14.0,2.0,27.0,0.50192
14.0,2.0,28.0,0.50004
14.0,2.0,29.0,0.49796
14.0,2.0,30.0,0.49966
14.0,2.0,31.0,0.50266
14.0,2.0,32.0,0.50701
14.0,2.0,33.0,0.5122
14.0,2.0,34.0,0.51712
14.0,2.0,35.0,0.51889
14.0,2.0,36.0,0.51832
14.0,2.0,37.0,0.5178
14.0,2.0,38.0,0.51358
14.0,2.0,39.0,0.50646
14.0,2.0,40.0,0.50031
14.0,2.0,41.0,0.4936
14.0,2.0,42.0,0.48911
14.0,2.0,43.0,0.48492
14.0,2.0,44.0,0.48294
14.0,2.0,45.0,0.48464
14.0,2.0,46.0,0.48424
14.0,2.0,47.0,0.48589
14.0,2.0,48.0,0.49155
14.0,2.0,49.0,0.49559
14.0,2.0,50.0,0.49481
14.0,2.0,51.0,0.49202
14.0,2.0,52.0,0.49375
14.0,2.0,53.0,0.50122
14.0,2.0,54.0,0.50883
14.0,2.0,55.0,0.51003
14.0,2.0,56.0,0.50115
14.0,2.0,57.0,0.48696
14.0,2.0,58.0,0.4746
14.0,2.0,59.0,0.46418
14.0,2.0,60.0,0.45692
14.0,2.0,61.0,0.45794
14.0,2.0,62.0,0.45947
14.0,2.0,63.0,0.46125
14.0,2.0,64.0,0.46015
14.0,2.0,65.0,0.45258
14.0,2.0,66.0,0.44411
14.0,2.0,67.0,0.43657
14.0,2.0,68.0,0.42431
14.0,2.0,69.0,0.41048
14.0,2.0,70.0,0.39844
14.0,2.0,71.0,0.38563
14.0,2.0,72.0,0.3788
14.0,2.0,73.0,0.37837
14.0,2.0,74.0,0.37785
14.0,2.0,75.0,0.38001
14.0,2.0,76.0,0.38715
14.0,2.0,77.0,0.39777
14.0,2.0,78.0,0.40071
14.0,2.0,79.0,0.39127
14.0,2.0,80.0,0.37541
14.0,2.0,81.0,0.35921
14.0,2.0,82.0,0.35042
14.0,2.0,83.0,0.35462
14.0,2.0,84.0,0.37289
14.0,2.0,85.0,0.39714
14.0,2.0,86.0,0.41965
14.0,2.0,87.0,0.44176
14.0,2.0,88.0,0.46465
14.0,2.0,89.0,0.47266
14.0,2.0,90.0,0.45114
14.0,2.0,91.0,0.4048
14.0,2.0,92.0,0.37003
14.0,2.0,93.0,0.35321
14.0,2.0,94.0,0.35159
14.0,2.0,95.0,0.34842
14.0,2.0,96.0,0.3324
14.0,2.0,97.0,0.29915
14.0,2.0,98.0,0.26022
14.0,2.0,99.0,0.22592
14.0,2.0,100.0,0.18633
15.0,2.0,1.0,0.18553
15.0,2.0,2.0,0.22943
15.0,2.0,3.0,0.2672
15.0,2.0,4.0,0.29751
15.0,2.0,5.0,0.30094
15.0,2.0,6.0,0.31708
15.0,2.0,7.0,0.35232
15.0,2.0,8.0,0.41687
15.0,2.0,9.0,0.45648
15.0,2.0,10.0,0.46814
15.0,2.0,11.0,0.48187
15.0,2.0,12.0,0.47577
15.0,2.0,13.0,0.48331
15.0,2.0,14.0,0.48059
15.0,2.0,15.0,0.48471
15.0,2.0,16.0,0.49735
15.0,2.0,17.0,0.50667
15.0,2.0,18.0,0.52541
15.0,2.0,19.0,0.54371
15.0,2.0,20.0,0.54872
15.0,2.0,21.0,0.56094
15.0,2.0,22.0,0.55814
15.0,2.0,23.0,0.54553
15.0,2.0,24.0,0.51845
15.0,2.0,25.0,0.50101
15.0,2.0,26.0,0.49867
15.0,2.0,27.0,0.47977
15.0,2.0,28.0,0.44704
15.0,2.0,29.0,0.39923
15.0,2.0,30.0,0.34604
15.0,2.0,31.0,0.31315
15.0,2.0,32.0,0.30789
15.0,2.0,33.0,0.32657
15.0,2.0,34.0,0.35769
15.0,2.0,35.0,0.39953
15.0,2.0,36.0,0.44651
15.0,2.0,37.0,0.49446
15.0,2.0,38.0,0.53701
15.0,2.0,39.0,0.56314
15.0,2.0,40.0,0.57436
15.0,2.0,41.0,0.58076
15.0,2.0,42.0,0.58492
15.0,2.0,43.0,0.5801
15.0,2.0,44.0,0.54339
15.0,2.0,45.0,0.49643
15.0,2.0,46.0,0.45172
15.0,2.0,47.0,0.41529
15.0,2.0,48.0,0.37898
15.0,2.0,49.0,0.33955
15.0,2.0,50.0,0.31087
15.0,2.0,51.0,0.28958
15.0,2.0,52.0,0.28799
15.0,2.0,53.0,0.32146
15.0,2.0,54.0,0.36869
15.0,2.0,55.0,0.41227
15.0,2.0,56.0,0.44532
15.0,2.0,57.0,0.47364
15.0,2.0,58.0,0.50258
15.0,2.0,59.0,0.52828
15.0,2.0,60.0,0.53948
15.0,2.0,61.0,0.55578
15.0,2.0,62.0,0.57888
15.0,2.0,63.0,0.57992
15.0,2.0,64.0,0.58868
15.0,2.0,65.0,0.6058
15.0,2.0,66.0,0.61325
15.0,2.0,67.0,0.59754
15.0,2.0,68.0,0.57278
15.0,2.0,69.0,0.54289
15.0,2.0,70.0,0.5251
15.0,2.0,71.0,0.52426
15.0,2.0,72.0,0.53468
15.0,2.0,73.0,0.53117
15.0,2.0,74.0,0.52515
15.0,2.0,75.0,0.52462
15.0,2.0,76.0,0.5306
15.0,2.0,77.0,0.54229
15.0,2.0,78.0,0.54919
15.0,2.0,79.0,0.53337
15.0,2.0,80.0,0.51139
15.0,2.0,81.0,0.49331
15.0,2.0,82.0,0.44876
15.0,2.0,83.0,0.41299
15.0,2.0,84.0,0.39951
15.0,2.0,85.0,0.42445
15.0,2.0,86.0,0.47078
15.0,2.0,87.0,0.50895
15.0,2.0,88.0,0.53439
15.0,2.0,89.0,0.51043
15.0,2.0,90.0,0.4701
15.0,2.0,91.0,0.44414
15.0,2.0,92.0,0.43288
15.0,2.0,93.0,0.43667
15.0,2.0,94.0,0.43384
15.0,2.0,95.0,0.41177
15.0,2.0,96.0,0.37432
15.0,2.0,97.0,0.31876
15.0,2.0,98.0,0.25861
15.0,2.0,99.0,0.21546
15.0,2.0,100.0,0.17251
16.0,2.0,1.0,0.18916
16.0,2.0,2.0,0.23169
16.0,2.0,3.0,0.27844
16.0,2.0,4.0,0.31826
16.0,2.0,5.0,0.34919
16.0,2.0,6.0,0.37779
16.0,2.0,7.0,0.41004
16.0,2.0,8.0,0.43964
16.0,2.0,9.0,0.46352
16.0,2.0,10.0,0.48382
16.0,2.0,11.0,0.49706
16.0,2.0,12.0,0.50955
16.0,2.0,13.0,0.52054
16.0,2.0,14.0,0.52889
16.0,2.0,15.0,0.53485
16.0,2.0,16.0,0.53778
16.0,2.0,17.0,0.53981
16.0,2.0,18.0,0.54237
16.0,2.0,19.0,0.54401
16.0,2.0,20.0,0.5421
16.0,2.0,21.0,0.53712
16.0,2.0,22.0,0.52872
16.0,2.0,23.0,0.52111
16.0,2.0,24.0,0.51371
16.0,2.0,25.0,0.51032
16.0,2.0,26.0,0.50763
16.0,2.0,27.0,0.50712
16.0,2.0,28.0,0.50623
16.0,2.0,29.0,0.5075
16.0,2.0,30.0,0.51255
16.0,2.0,31.0,0.52418
16.0,2.0,32.0,0.54178
16.0,2.0,33.0,0.56117
16.0,2.0,34.0,0.5821
16.0,2.0,35.0,0.6032
16.0,2.0,36.0,0.62009
16.0,2.0,37.0,0.6306
16.0,2.0,38.0,0.63531
16.0,2.0,39.0,0.63448
16.0,2.0,40.0,0.62833
16.0,2.0,41.0,0.62047
16.0,2.0,42.0,0.61432
16.0,2.0,43.0,0.61038
16.0,2.0,44.0,0.61052
16.0,2.0,45.0,0.61461
16.0,2.0,46.0,0.61954
16.0,2.0,47.0,0.62178
16.0,2.0,48.0,0.61692
16.0,2.0,49.0,0.60547
16.0,2.0,50.0,0.59315
16.0,2.0,51.0,0.58755
16.0,2.0,52.0,0.58713
16.0,2.0,53.0,0.585
16.0,2.0,54.0,0.57831
16.0,2.0,55.0,0.57247
16.0,2.0,56.0,0.57025
16.0,2.0,57.0,0.57046
16.0,2.0,58.0,0.57325
16.0,2.0,59.0,0.57918
16.0,2.0,60.0,0.58888
16.0,2.0,61.0,0.5977
16.0,2.0,62.0,0.60349
16.0,2.0,63.0,0.60664
16.0,2.0,64.0,0.60682
16.0,2.0,65.0,0.60391
16.0,2.0,66.0,0.59327
16.0,2.0,67.0,0.57922
16.0,2.0,68.0,0.5643
16.0,2.0,69.0,0.54716
16.0,2.0,70.0,0.5278
16.0,2.0,71.0,0.50859
16.0,2.0,72.0,0.49239
16.0,2.0,73.0,0.4807
16.0,2.0,74.0,0.4748
16.0,2.0,75.0,0.47496
16.0,2.0,76.0,0.47895
16.0,2.0,77.0,0.48822
16.0,2.0,78.0,0.50117
16.0,2.0,79.0,0.51334
16.0,2.0,80.0,0.52079
16.0,2.0,81.0,0.52608
16.0,2.0,82.0,0.53313
16.0,2.0,83.0,0.5463
16.0,2.0,84.0,0.56346
16.0,2.0,85.0,0.57954
16.0,2.0,86.0,0.59295
16.0,2.0,87.0,0.59613
16.0,2.0,88.0,0.58696
16.0,2.0,89.0,0.56666
16.0,2.0,90.0,0.5403
16.0,2.0,91.0,0.50655
16.0,2.0,92.0,0.47222
16.0,2.0,93.0,0.44019
16.0,2.0,94.0,0.41627
16.0,2.0,95.0,0.39691
16.0,2.0,96.0,0.37149
16.0,2.0,97.0,0.33754
16.0,2.0,98.0,0.28801
16.0,2.0,99.0,0.23132
16.0,2.0,100.0,0.16298
17.0,2.0,1.0,0.19529
17.0,2.0,2.0,0.21092
17.0,2.0,3.0,0.23162
17.0,2.0,4.0,0.25313
17.0,2.0,5.0,0.27451
17.0,2.0,6.0,0.29445
17.0,2.0,7.0,0.31504
17.0,2.0,8.0,0.33432
17.0,2.0,9.0,0.35322
17.0,2.0,10.0,0.36938
17.0,2.0,11.0,0.38287
17.0,2.0,12.0,0.39354
17.0,2.0,13.0,0.39956
17.0,2.0,14.0,0.40262
17.0,2.0,15.0,0.40445
17.0,2.0,16.0,0.40574
17.0,2.0,17.0,0.40742
17.0,2.0,18.0,0.41058
17.0,2.0,19.0,0.41703
17.0,2.0,20.0,0.42523
17.0,2.0,21.0,0.43208
17.0,2.0,22.0,0.4354
17.0,2.0,23.0,0.43425
17.0,2.0,24.0,0.429
17.0,2.0,25.0,0.42028
17.0,2.0,26.0,0.41066
17.0,2.0,27.0,0.40064
17.0,2.0,28.0,0.39282
17.0,2.0,29.0,0.38412
17.0,2.0,30.0,0.37357
17.0,2.0,31.0,0.36208
17.0,2.0,32.0,0.35589
17.0,2.0,33.0,0.35238
17.0,2.0,34.0,0.35116
17.0,2.0,35.0,0.3538
17.0,2.0,36.0,0.36121
17.0,2.0,37.0,0.37409
17.0,2.0,38.0,0.38943
17.0,2.0,39.0,0.40156
17.0,2.0,40.0,0.41363
17.0,2.0,41.0,0.41987
17.0,2.0,42.0,0.41832
17.0,2.0,43.0,0.41405
17.0,2.0,44.0,0.40667
17.0,2.0,45.0,0.39914
17.0,2.0,46.0,0.39298
17.0,2.0,47.0,0.38958
17.0,2.0,48.0,0.38839
17.0,2.0,49.0,0.38778
17.0,2.0,50.0,0.38553
17.0,2.0,51.0,0.37983
17.0,2.0,52.0,0.37056
17.0,2.0,53.0,0.35493
17.0,2.0,54.0,0.33514
17.0,2.0,55.0,0.31746
17.0,2.0,56.0,0.30832
17.0,2.0,57.0,0.30737
17.0,2.0,58.0,0.31284
17.0,2.0,59.0,0.32279
17.0,2.0,60.0,0.33846
17.0,2.0,61.0,0.35817
17.0,2.0,62.0,0.37753
17.0,2.0,63.0,0.39615
17.0,2.0,64.0,0.4149
17.0,2.0,65.0,0.43303
17.0,2.0,66.0,0.4495
17.0,2.0,67.0,0.46298
17.0,2.0,68.0,0.47525
17.0,2.0,69.0,0.48729
17.0,2.0,70.0,0.49793
17.0,2.0,71.0,0.50422
17.0,2.0,72.0,0.5067
17.0,2.0,73.0,0.50415
17.0,2.0,74.0,0.49812
17.0,2.0,75.0,0.49292
17.0,2.0,76.0,0.48787
17.0,2.0,77.0,0.48269
17.0,2.0,78.0,0.47474
17.0,2.0,79.0,0.46468
17.0,2.0,80.0,0.45294
17.0,2.0,81.0,0.43859
17.0,2.0,82.0,0.42374
17.0,2.0,83.0,0.41167
17.0,2.0,84.0,0.39885
17.0,2.0,85.0,0.38628
17.0,2.0,86.0,0.37758
17.0,2.0,87.0,0.37283
17.0,2.0,88.0,0.37087
17.0,2.0,89.0,0.36712
17.0,2.0,90.0,0.36672
17.0,2.0,91.0,0.36918
17.0,2.0,92.0,0.36986
17.0,2.0,93.0,0.37013
17.0,2.0,94.0,0.3642
17.0,2.0,95.0,0.34664
17.0,2.0,96.0,0.31586
17.0,2.0,97.0,0.27926
17.0,2.0,98.0,0.23982
17.0,2.0,99.0,0.20305
17.0,2.0,100.0,0.17656
18.0,2.0,1.0,0.17625
18.0,2.0,2.0,0.2135
18.0,2.0,3.0,0.23653
18.0,2.0,4.0,0.25208
18.0,2.0,5.0,0.26975
18.0,2.0,6.0,0.29209
18.0,2.0,7.0,0.31468
18.0,2.0,8.0,0.33347
18.0,2.0,9.0,0.34889
18.0,2.0,10.0,0.36345
18.0,2.0,11.0,0.37795
18.0,2.0,12.0,0.39127
18.0,2.0,13.0,0.41045
18.0,2.0,14.0,0.43461
18.0,2.0,15.0,0.44974
18.0,2.0,16.0,0.44939
18.0,2.0,17.0,0.43152
18.0,2.0,18.0,0.41454
18.0,2.0,19.0,0.39845
18.0,2.0,20.0,0.38095
18.0,2.0,21.0,0.3667
18.0,2.0,22.0,0.36215
18.0,2.0,23.0,0.36325
18.0,2.0,24.0,0.36585
18.0,2.0,25.0,0.36724
18.0,2.0,26.0,0.36721
18.0,2.0,27.0,0.36588
18.0,2.0,28.0,0.36728
18.0,2.0,29.0,0.37026
18.0,2.0,30.0,0.37144
18.0,2.0,31.0,0.36846
18.0,2.0,32.0,0.36565
18.0,2.0,33.0,0.36242
18.0,2.0,34.0,0.35896
18.0,2.0,35.0,0.35731
18.0,2.0,36.0,0.35624
18.0,2.0,37.0,0.35529
18.0,2.0,38.0,0.3613
18.0,2.0,39.0,0.37591
18.0,2.0,40.0,0.39035
18.0,2.0,41.0,0.40122
18.0,2.0,42.0,0.41487
18.0,2.0,43.0,0.43281
18.0,2.0,44.0,0.45006
18.0,2.0,45.0,0.46761
18.0,2.0,46.0,0.48135
18.0,2.0,47.0,0.49481
18.0,2.0,48.0,0.50613
18.0,2.0,49.0,0.51103
18.0,2.0,50.0,0.51131
18.0,2.0,51.0,0.5061
18.0,2.0,52.0,0.49967
18.0,2.0,53.0,0.49183
18.0,2.0,54.0,0.47894
18.0,2.0,55.0,0.46407
18.0,2.0,56.0,0.45416
18.0,2.0,57.0,0.45238
18.0,2.0,58.0,0.45264
18.0,2.0,59.0,0.45207
18.0,2.0,60.0,0.44956
18.0,2.0,61.0,0.44468
18.0,2.0,62.0,0.43592
18.0,2.0,63.0,0.42498
18.0,2.0,64.0,0.41387
18.0,2.0,65.0,0.41076
18.0,2.0,66.0,0.41137
18.0,2.0,67.0,0.41043
18.0,2.0,68.0,0.41187
18.0,2.0,69.0,0.41634
18.0,2.0,70.0,0.41714
18.0,2.0,71.0,0.41505
18.0,2.0,72.0,0.40631
18.0,2.0,73.0,0.39804
18.0,2.0,74.0,0.40259
18.0,2.0,75.0,0.42288
18.0,2.0,76.0,0.44073
18.0,2.0,77.0,0.44998
18.0,2.0,78.0,0.44877
18.0,2.0,79.0,0.44038
18.0,2.0,80.0,0.42615
18.0,2.0,81.0,0.40607
18.0,2.0,82.0,0.3871
18.0,2.0,83.0,0.37381
18.0,2.0,84.0,0.36282
18.0,2.0,85.0,0.35168
18.0,2.0,86.0,0.34699
18.0,2.0,87.0,0.35264
18.0,2.0,88.0,0.36429
18.0,2.0,89.0,0.37934
18.0,2.0,90.0,0.39483
18.0,2.0,91.0,0.40994
18.0,2.0,92.0,0.41398
18.0,2.0,93.0,0.40599
18.0,2.0,94.0,0.38681
18.0,2.0,95.0,0.36601
18.0,2.0,96.0,0.33775
18.0,2.0,97.0,0.29769
18.0,2.0,98.0,0.25416
18.0,2.0,99.0,0.21332
18.0,2.0,100.0,0.18087
19.0,2.0,1.0,0.17649
19.0,2.0,2.0,0.22941
19.0,2.0,3.0,0.27486
19.0,2.0,4.0,0.32516
19.0,2.0,5.0,0.38063
19.0,2.0,6.0,0.4301
19.0,2.0,7.0,0.45312
19.0,2.0,8.0,0.45945
19.0,2.0,9.0,0.47015
19.0,2.0,10.0,0.48473
19.0,2.0,11.0,0.50581
19.0,2.0,12.0,0.52528
19.0,2.0,13.0,0.52083
19.0,2.0,14.0,0.50494
19.0,2.0,15.0,0.49788
19.0,2.0,16.0,0.5095
19.0,2.0,17.0,0.52654
19.0,2.0,18.0,0.52901
19.0,2.0,19.0,0.52351
19.0,2.0,20.0,0.51426
19.0,2.0,21.0,0.50364
19.0,2.0,22.0,0.49624
19.0,2.0,23.0,0.49522
19.0,2.0,24.0,0.50016
19.0,2.0,25.0,0.50368
19.0,2.0,26.0,0.50259
19.0,2.0,27.0,0.49814
19.0,2.0,28.0,0.49676
19.0,2.0,29.0,0.50155
19.0,2.0,30.0,0.5124
19.0,2.0,31.0,0.5246
19.0,2.0,32.0,0.53227
19.0,2.0,33.0,0.53713
19.0,2.0,34.0,0.53905
19.0,2.0,35.0,0.53815
19.0,2.0,36.0,0.53533
19.0,2.0,37.0,0.52952
19.0,2.0,38.0,0.51904
19.0,2.0,39.0,0.50425
19.0,2.0,40.0,0.49199
19.0,2.0,41.0,0.48286
19.0,2.0,42.0,0.47329
19.0,2.0,43.0,0.45748
19.0,2.0,44.0,0.44994
19.0,2.0,45.0,0.45667
19.0,2.0,46.0,0.47185
19.0,2.0,47.0,0.4877
19.0,2.0,48.0,0.49939
19.0,2.0,49.0,0.50838
19.0,2.0,50.0,0.5172
19.0,2.0,51.0,0.52906
19.0,2.0,52.0,0.53996
19.0,2.0,53.0,0.54794
19.0,2.0,54.0,0.54979
19.0,2.0,55.0,0.54946
19.0,2.0,56.0,0.55078
19.0,2.0,57.0,0.55689
19.0,2.0,58.0,0.56387
19.0,2.0,59.0,0.56919
19.0,2.0,60.0,0.56826
19.0,2.0,61.0,0.56347
19.0,2.0,62.0,0.56122
19.0,2.0,63.0,0.56561
19.0,2.0,64.0,0.57166
19.0,2.0,65.0,0.57844
19.0,2.0,66.0,0.58468
19.0,2.0,67.0,0.58991
19.0,2.0,68.0,0.59907
19.0,2.0,69.0,0.60767
19.0,2.0,70.0,0.61772
19.0,2.0,71.0,0.62573
19.0,2.0,72.0,0.63253
19.0,2.0,73.0,0.63849
19.0,2.0,74.0,0.64083
19.0,2.0,75.0,0.63843
19.0,2.0,76.0,0.63325
19.0,2.0,77.0,0.62852
19.0,2.0,78.0,0.63211
19.0,2.0,79.0,0.64017
19.0,2.0,80.0,0.64717
19.0,2.0,81.0,0.65787
19.0,2.0,82.0,0.66711
19.0,2.0,83.0,0.67333
19.0,2.0,84.0,0.66446
19.0,2.0,85.0,0.64814
19.0,2.0,86.0,0.61274
19.0,2.0,87.0,0.58422
19.0,2.0,88.0,0.57114
19.0,2.0,89.0,0.56228
19.0,2.0,90.0,0.56332
19.0,2.0,91.0,0.55982
19.0,2.0,92.0,0.53899
19.0,2.0,93.0,0.49239
19.0,2.0,94.0,0.43192
19.0,2.0,95.0,0.39403
19.0,2.0,96.0,0.37188
19.0,2.0,97.0,0.3434
19.0,2.0,98.0,0.30631
19.0,2.0,99.0,0.25328
19.0,2.0,100.0,0.19412
20.0,2.0,1.0,0.26884
20.0,2.0,2.0,0.31134
20.0,2.0,3.0,0.35532
20.0,2.0,4.0,0.37871
20.0,2.0,5.0,0.38753
20.0,2.0,6.0,0.40228
20.0,2.0,7.0,0.41139
20.0,2.0,8.0,0.41882
20.0,2.0,9.0,0.40219
20.0,2.0,10.0,0.37281
20.0,2.0,11.0,0.35227
20.0,2.0,12.0,0.33929
20.0,2.0,13.0,0.33208
20.0,2.0,14.0,0.30821
20.0,2.0,15.0,0.29497
20.0,2.0,16.0,0.26874
20.0,2.0,17.0,0.27
20.0,2.0,18.0,0.27596
20.0,2.0,19.0,0.29455
20.0,2.0,20.0,0.32059
20.0,2.0,21.0,0.33963
20.0,2.0,22.0,0.35984
20.0,2.0,23.0,0.37908
20.0,2.0,24.0,0.39079
20.0,2.0,25.0,0.38992
20.0,2.0,26.0,0.41085
20.0,2.0,27.0,0.4386
20.0,2.0,28.0,0.45414
20.0,2.0,29.0,0.45941
20.0,2.0,30.0,0.45348
20.0,2.0,31.0,0.45289
20.0,2.0,32.0,0.4616
20.0,2.0,33.0,0.48159
20.0,2.0,34.0,0.48779
20.0,2.0,35.0,0.47926
20.0,2.0,36.0,0.46268
20.0,2.0,37.0,0.44509
20.0,2.0,38.0,0.43401
20.0,2.0,39.0,0.42385
20.0,2.0,40.0,0.39984
20.0,2.0,41.0,0.37286
20.0,2.0,42.0,0.35053
20.0,2.0,43.0,0.34573
20.0,2.0,44.0,0.3527
20.0,2.0,45.0,0.3555
20.0,2.0,46.0,0.35836
20.0,2.0,47.0,0.3694
20.0,2.0,48.0,0.37289
20.0,2.0,49.0,0.38187
20.0,2.0,50.0,0.41428
20.0,2.0,51.0,0.43847
20.0,2.0,52.0,0.47622
20.0,2.0,53.0,0.49488
20.0,2.0,54.0,0.50819
20.0,2.0,55.0,0.53816
20.0,2.0,56.0,0.54642
20.0,2.0,57.0,0.54596
20.0,2.0,58.0,0.53243
20.0,2.0,59.0,0.50882
20.0,2.0,60.0,0.47955
20.0,2.0,61.0,0.46443
20.0,2.0,62.0,0.48046
20.0,2.0,63.0,0.51044
20.0,2.0,64.0,0.53168
20.0,2.0,65.0,0.54521
20.0,2.0,66.0,0.55276
20.0,2.0,67.0,0.55288
20.0,2.0,68.0,0.54149
20.0,2.0,69.0,0.52166
20.0,2.0,70.0,0.5168
20.0,2.0,71.0,0.51155
20.0,2.0,72.0,0.51236
20.0,2.0,73.0,0.52206
20.0,2.0,74.0,0.54615
20.0,2.0,75.0,0.55143
20.0,2.0,76.0,0.5544
20.0,2.0,77.0,0.54279
20.0,2.0,78.0,0.50898
20.0,2.0,79.0,0.46028
20.0,2.0,80.0,0.41703
20.0,2.0,81.0,0.41015
20.0,2.0,82.0,0.43536
20.0,2.0,83.0,0.44785
20.0,2.0,84.0,0.46252
20.0,2.0,85.0,0.47619
20.0,2.0,86.0,0.46734
20.0,2.0,87.0,0.44466
20.0,2.0,88.0,0.41154
20.0,2.0,89.0,0.35842
20.0,2.0,90.0,0.35394
20.0,2.0,91.0,0.35357
20.0,2.0,92.0,0.35162
20.0,2.0,93.0,0.3727
20.0,2.0,94.0,0.40446
20.0,2.0,95.0,0.40415
20.0,2.0,96.0,0.3837
20.0,2.0,97.0,0.36731
20.0,2.0,98.0,0.34007
20.0,2.0,99.0,0.27714
20.0,2.0,100.0,0.21114
